,title,link,create_time
0,聚焦AI Agent应用落地，<em>第一财经</em>“科创未来行”沙龙再议数智新路径,http://mp.weixin.qq.com/s?__biz=MjM5MTM3NTMwNA==&mid=2661710673&idx=2&sn=4ac06a70ad806172a227e15783fa0e40&chksm=bde451f68a93d8e087c5b2380327e590b47f89faa35fa565bc39c9a9795d81cf2fea06b706ab#rd,2026-03-20 17:25:19
1,春日布局赢全年！<em>第一财经</em>福利盛宴焕新启,http://mp.weixin.qq.com/s?__biz=MjM5MTM3NTMwNA==&mid=2661709397&idx=2&sn=2a482d42a0ffc8e1f86e532906c750e0&chksm=bde45cf28a93d5e447a8b0f7a5db50e93caceb03f9da6b9da126fa758b86aefd8f8e44762121#rd,2026-03-18 18:30:34
2,<em>第一财经</em>短视频团队招新啦！,http://mp.weixin.qq.com/s?__biz=MjM5MTM3NTMwNA==&mid=2661708864&idx=2&sn=63546190aaf1d8589d466a13dc6a8e60&chksm=bde45ee78a93d7f1e25390746ae051c34922ac1af10ee8ff72f3fe25413975d1da941e8c92e1#rd,2026-03-17 19:53:01
3,AI时代30人，看懂商业变局丨<em>第一财经</em>杂志3月刊,http://mp.weixin.qq.com/s?__biz=MjM5MTM3NTMwNA==&mid=2661704893&idx=2&sn=01e4542b27df439ddcf565018f417f40&chksm=bde44e1a8a93c70c4d192e23cf47a40ede33066180deaf2d9bbefeac3da6c15f5487a6aec515#rd,2026-03-10 16:22:31
4,<em>第一财经</em>杂志3月刊上新｜看懂商业世界的下<em>一</em>站,http://mp.weixin.qq.com/s?__biz=MjM5MTM3NTMwNA==&mid=2661702987&idx=2&sn=36b2c22d28315cf858e7d3b3f8def119&chksm=bde477ec8a93fefa4d6c446b976e4ff6ba6d63806e35f54648afc5ca885b0bb8dfd2e8795e15#rd,2026-03-06 11:49:32
5,春播正当时！<em>第一财经</em>智享会员周年庆典，重磅启幕,http://mp.weixin.qq.com/s?__biz=MjM5MTM3NTMwNA==&mid=2661700788&idx=2&sn=b99be97b1b809c29ff7ae9df94abf7b3&chksm=bde47e138a93f705103cc51d3b18e784c89807d3cad283d28aed5239e1eb3c9fb05d728026af#rd,2026-03-03 10:12:17
6,当AI成为新同事，人的位置在哪？｜《<em>第一财经</em>》杂志2月刊开年生存指南,http://mp.weixin.qq.com/s?__biz=MjM5MTM3NTMwNA==&mid=2661700193&idx=2&sn=a716238b257a23beb76789ee4ddc18cd&chksm=bde478c68a93f1d0c6f52c18e6574db11ce1150480d5c4b1f12b1b76350dd20e91c601f6d695#rd,2026-03-02 15:01:28
7,德勤中国携手<em>第一财经</em>研究院，共建全链路中企出海服务体系,http://mp.weixin.qq.com/s?__biz=MjM5MTM3NTMwNA==&mid=2661694899&idx=2&sn=50d2182a156535a9381630c024c96c30&chksm=bde417148a939e02661083b8cce1163e58580f923d46944c610c680fbbf554bb2a78f7eaf957#rd,2026-02-12 13:17:35
8,AI时代的生存指南——《<em>第一财经</em>》杂志2月刊,http://mp.weixin.qq.com/s?__biz=MjM5MTM3NTMwNA==&mid=2661693362&idx=2&sn=2641b4282e7355a533ef4ed18d63448d&chksm=bde41d158a93940332f2a418be45932cb552ca7a8088c3e97b2be3ee072586a9004c5264c6dc#rd,2026-02-09 11:49:46
9,AI浪潮下的生产力革新：<em>第一财经</em>科创未来行邀您共探价值重构路径,http://mp.weixin.qq.com/s?__biz=MjM5MTM3NTMwNA==&mid=2661687462&idx=2&sn=78db4f103d3f1c08f51371216faacd8e&chksm=bde40a018a938317c8bad19d199d9c38d57c7d796ff1e198b831242bb0ba7cdaece0a6be98c6#rd,2026-01-27 21:43:00
10,<em>第一财经</em>旗下应帆科技战略发布“开物 · 消费品牌全链路增长智能体蜂群1.0”,http://mp.weixin.qq.com/s?__biz=MjM5MTM3NTMwNA==&mid=2661685086&idx=2&sn=6a2d7d92afa4cdda5a71ab2439c46bfc&chksm=bde43df98a93b4efb8534981170e3a8fb1292ece13a5ce326aebbe67fa22a81c5580c8a73053#rd,2026-01-22 11:52:51
11,<em>第一财经</em>、应帆科技首发《中国消费品牌智能创新白皮书》,http://mp.weixin.qq.com/s?__biz=MjM5MTM3NTMwNA==&mid=2661684845&idx=3&sn=0d3da2d8f8ab7e4df3f0a0be8128e785&chksm=bde43cca8a93b5dcbb98feb243f4ca94309d4fe882203d0aecc15387757a7404f0861a1683f7#rd,2026-01-21 20:55:51
12,展现媒体链主集成功能 <em>第一财经</em>多个项目入选上海优秀公共关系案例,http://mp.weixin.qq.com/s?__biz=MjM5MTM3NTMwNA==&mid=2661684748&idx=3&sn=57700fa4e8c299b8f23b22f8d64fa53b&chksm=bde43cab8a93b5bdeb314955fc25a880957d67ed19c9fa768212045c1d075aad7a6e1437a50f#rd,2026-01-21 19:11:15
13,<em>第一财经</em>年度人文图书｜寻找“我们”共同的故事,http://mp.weixin.qq.com/s?__biz=MjM5MTM3NTMwNA==&mid=2661679161&idx=2&sn=d4d76dfb231d72a1c29ae8c05ff8ce0c&chksm=bde42a9e8a93a388bb568b796eeac22f8593a924ec41bc1324cd40398da081cc30f7f855199b#rd,2026-01-10 12:11:28
14,<em>第一财经</em>新年致读者：你是自己的<em>第一</em>作者,http://mp.weixin.qq.com/s?__biz=MjM5MTM3NTMwNA==&mid=2661675149&idx=1&sn=af509730b8b05c24830699a8a0c33a93&chksm=bde7da2a8a90533c0e9185bff94f010d4d1d8d8e121dcbd1acb528330ecd5670b6807153fbfd#rd,2025-12-30 14:42:44
15,品牌英雄｜<em>第一财经</em>深度观察房产经纪人，以平凡铸就非凡,http://mp.weixin.qq.com/s?__biz=MjM5MTM3NTMwNA==&mid=2661673444&idx=1&sn=337171e1a7f787e1a1f5c5cd6acce672&chksm=bde7c3438a904a55a5c2300b6601e57d798de9a1cbca33e823a15745df0ee7f3803ea5b8d8e1#rd,2025-12-25 21:21:16
16,科创“新动能”、产业“新里程”，2025<em>第一财经</em>资本年会顺利召开,http://mp.weixin.qq.com/s?__biz=MjM5MTM3NTMwNA==&mid=2661671166&idx=1&sn=8d091d84a8d9443938ecef717745b451&chksm=bde7ca598a90434f7af1763f04390ca8042501cb262c88cf39e06d3486a0f4c73d181a841a9f#rd,2025-12-19 20:56:41
17,议程公布，很“硬”很“科”！<em>第一财经</em>资本年会，解码新里程新动能,http://mp.weixin.qq.com/s?__biz=MjM5MTM3NTMwNA==&mid=2661669415&idx=2&sn=131ed27215cbef59c4d3da7fa4a415d0&chksm=bde7f0808a907996112ae727285af11227322a4881096ec3140dab1b32c424d9ebd377be82e9#rd,2025-12-16 15:14:14
18,2025CSR盛典暨<em>第一财经</em>善商业论坛正式举行,http://mp.weixin.qq.com/s?__biz=MjM5MTM3NTMwNA==&mid=2661667863&idx=2&sn=731bb1fab579ce6215272a3887648713&chksm=bde7feb08a9077a6b4b3f6b43928c1367fd0a991c0fa426e5118597372f5e9a0a4b01aa62b9d#rd,2025-12-12 10:00:00
19,热议“新动能”，开启“新里程”，2025<em>第一财经</em>资本年会邀您共探科创未来,http://mp.weixin.qq.com/s?__biz=MjM5MTM3NTMwNA==&mid=2661667769&idx=2&sn=064125cbbe69c86f2a04b9bd54908dc5&chksm=bde7f91e8a9070082eecec63800b5ec777813296f29ff5598b36409f411cd987713952991292#rd,2025-12-11 22:41:09
20,倒计时<em>一</em>天丨2025CSR盛典暨<em>第一财经</em>·善商业论坛即将开启,http://mp.weixin.qq.com/s?__biz=MjM5MTM3NTMwNA==&mid=2661666651&idx=2&sn=a6c4f9e650a01dfc8a676f5a65ceaaf7&chksm=bde7e5fc8a906cea4260fd7bc2bdb8e977165363d89539a46a39d0cbaaa4328639ba242d59e9#rd,2025-12-10 08:00:00
21,报名丨2025CSR盛典暨<em>第一财经</em>·善商业论坛即将开启,http://mp.weixin.qq.com/s?__biz=MjM5MTM3NTMwNA==&mid=2661664429&idx=2&sn=de23af306ab91b1a32df46e30107f578&chksm=bde7ec0a8a90651cf6dbacf5d62e80a4e037696c9327db6120985f1b60d844bcd488ac2c9915#rd,2025-12-04 14:49:40
22,<em>第一财经</em>会员金选季 返场狂欢！省钱赚钱最后<em>一</em>波拿捏！,http://mp.weixin.qq.com/s?__biz=MjM5MTM3NTMwNA==&mid=2661663922&idx=2&sn=735471cf4a6e57df0dc530b8cbb417df&chksm=bde7ee158a9067035c3e7f351c229506a432a508cd3939922dd9b4d7d447f703c4fa813af574#rd,2025-12-03 14:03:19
23,以AI投顾创新引领行业生态跃迁，九方智投荣获<em>第一财经</em>“最具影响力投资咨询机构奖”,http://mp.weixin.qq.com/s?__biz=MjM5MTM3NTMwNA==&mid=2661661502&idx=2&sn=89d1613f2aa985c526e68a25b8134f79&chksm=bde791998a90188f51a249f24bb18a037427b6b27e45c1046ae98a070d08546913f04fd5f245#rd,2025-11-27 15:52:08
24,“2025<em>第一财经</em>金融价值年会”聚焦全球动荡中的中国经济新确定性,http://mp.weixin.qq.com/s?__biz=MjM5MTM3NTMwNA==&mid=2661659242&idx=2&sn=edccb4db4134680a933639b1c1b2b285&chksm=bde798cd8a9011db8a0c3b1d6d12964832feb54fc52649e7d8f2241f5a04aad5e3091837bcbb#rd,2025-11-22 00:10:00
25,<em>第一财经</em>会员金选季 返场狂欢！省钱赚钱最后<em>一</em>波拿捏！,http://mp.weixin.qq.com/s?__biz=MjM5MTM3NTMwNA==&mid=2661658321&idx=2&sn=f27c9bb4b8f0715e04fe884b3d7df016&chksm=bde784768a900d60ced54ab761ed2b6752c4f82fc187ab23d605c8abb799fb5ac256c6530948#rd,2025-11-20 12:00:29
26,新模型“屠榜”，<em>第一财经</em>对话谷歌团队：AI“新旗手”如何诞生,http://mp.weixin.qq.com/s?__biz=MjM5MTM3NTMwNA==&mid=2661657855&idx=2&sn=948c608d9dc3709b50deaf9e44b2cb2b&chksm=bde786588a900f4e8e1947997ab26f5fbddd1326987d955bf5290dbdd2e9ec5ed87557f5e11b#rd,2025-11-19 14:17:12
27,<em>第一财经</em>携手中国银行，共同发布重磅白皮书《金融助力中国企业“走出去”》,http://mp.weixin.qq.com/s?__biz=MjM5MTM3NTMwNA==&mid=2661653125&idx=2&sn=aef1c2bf985bf50fc5daab29db84079b&chksm=bde7b0228a9039341d7089abfa534dd6761e5d3e0cb86c7e1effe1e6b60b4fa96b006a99803c#rd,2025-11-08 13:23:40
28,<em>第一财经</em>“历久出新典范”：探寻老板电器品牌的“长青之道”,http://mp.weixin.qq.com/s?__biz=MjM5MTM3NTMwNA==&mid=2661652458&idx=2&sn=66ab18b0a083caf6c12fd0728d3f5c63&chksm=bde7bd4d8a90345bee066dfd2523f9136280b02d81a8cd8b888bc4d155e13f865189e63fe824#rd,2025-11-06 22:26:04
29,<em>第一财经</em>会员金选季，省钱赚钱全拿捏！,http://mp.weixin.qq.com/s?__biz=MjM5MTM3NTMwNA==&mid=2661650543&idx=2&sn=0ed77003dd76a92d951d7f7059b9b1ff&chksm=bde7bac88a9033def027e8bada858bad3853210b30a225f3d9dcddae5a575c81077c5b937978#rd,2025-11-03 11:11:20
30,香港金融科技周 x StartmeupHK创业节2025即将开幕 <em>第一财经</em>分论坛聚焦“数字货币下的人民币国际化新路径”,http://mp.weixin.qq.com/s?__biz=MjM5MTM3NTMwNA==&mid=2661648789&idx=2&sn=6f31352f3d74e5fa29eb75f7c11f7005&chksm=bde7a3328a902a24683816cc9eadd851cccdca187e7620af34bad6e1143aca390f0962c1b263#rd,2025-10-29 18:05:50
31,限时报名｜“2025进博会上海会议活动”之<em>第一财经</em>可持续发展系列论坛即将开启,http://mp.weixin.qq.com/s?__biz=MjM5MTM3NTMwNA==&mid=2661643181&idx=2&sn=3bd077b81be7b6d926d0eaa6e42bb679&chksm=bde7590a8a90d01c3c6bc712db631781af08a86e565f02f3082830ae9b0b35b5446540453aae#rd,2025-10-15 18:18:20
32,绿野新踪 | “<em>第一财经</em>2025绿点中国” 探索绿色未来路径,http://mp.weixin.qq.com/s?__biz=MjM5MTM3NTMwNA==&mid=2661638353&idx=3&sn=2869dcd36cd04455cb6b3183d40d127b&chksm=bde74a768a90c3605e7752c64732d6a8ca26b9fd2d67c6513ed08a4ff87051c8b6cde9d12031#rd,2025-09-28 18:22:17
33,<em>第一财经</em>旗下应帆科技完成亿元A轮融资，深度布局AI服务垂直场景,http://mp.weixin.qq.com/s?__biz=MjM5MTM3NTMwNA==&mid=2661625849&idx=2&sn=1de495626afb8922a506e6ebe8190fc9&chksm=bde7055e8a908c48572cee16f5252974b95650dbd1f447883d2e35c0b11866566180c7e097e7#rd,2025-09-01 17:05:21
34,香港资本市场凭啥<em>一</em>夜翻红重夺全球募资王？<em>第一财经</em>今晚揭晓答案,http://mp.weixin.qq.com/s?__biz=MjM5MTM3NTMwNA==&mid=2661623458&idx=2&sn=d4851184037a8a532714fd1a91b51f68&chksm=bde70c058a9085136107dddf8dbe99d8c6ef507589962958b63f6bcbca8d25ed3910cdab64c8#rd,2025-08-25 17:55:06
35,2025上海书展活动 | 纸上行旅——<em>第一财经</em>年中人文书单发布暨主题沙龙招募！,http://mp.weixin.qq.com/s?__biz=MjM5MTM3NTMwNA==&mid=2661618046&idx=2&sn=988e593c7774e8372c214cb4910d3bfb&chksm=bde73bd98a90b2cf2886a1be49efa2246ee35f507575e11e3644bcf228e78b6a4d75c1df67a7#rd,2025-08-08 18:30:00
36,最后三天 | <em>第一财经</em>2025年度品牌力量评选报名进入倒计时！,http://mp.weixin.qq.com/s?__biz=MjM5MTM3NTMwNA==&mid=2661615915&idx=4&sn=a814fd8cc07b4426e96de05650ff76de&chksm=bde7238c8a90aa9af9aed1889468a5fcecbe56b2f1ea696ebf807d9d364ee86f2c38faa6f404#rd,2025-08-01 13:00:00
37,评选征集丨<em>第</em>十八届<em>第一财经</em>中国企业社会责任榜正式启动,http://mp.weixin.qq.com/s?__biz=MjM5MTM3NTMwNA==&mid=2661615485&idx=2&sn=ebb82be61f1d7f6daeaf1a9dee2f7430&chksm=bde72dda8a90a4ccbba3d0387e328e190d6242f40ef9de2f2ac37eb96f3d149f01a702da5920#rd,2025-07-31 12:10:46
38,入选上海智库报告文库，<em>第一财经</em>研究院“小巨人”调研专著出版,http://mp.weixin.qq.com/s?__biz=MjM5MTM3NTMwNA==&mid=2661615227&idx=2&sn=55de880278240a6ce8bce175e743e0f5&chksm=bde72cdc8a90a5caf6b18e8d7ebcef4adea6a06b61d11cb3809d78479e536065a0cc41014729#rd,2025-07-30 16:35:00
39,从记录者迈向建设者：<em>第一财经</em>“1科创”生态服务平台正式启动,http://mp.weixin.qq.com/s?__biz=MjM5MTM3NTMwNA==&mid=2661614053&idx=1&sn=c7ad31be77f23d96254d7cb084a78b7a&chksm=bde72b428a90a25451be74c14f637261089f2de93f82d84075c9bed5816e3f1aac0b549c4e35#rd,2025-07-26 20:09:48
40,不能错过 | <em>第一财经</em>2025年度品牌力量评选报名进入倒计时！,http://mp.weixin.qq.com/s?__biz=MjM5MTM3NTMwNA==&mid=2661612597&idx=2&sn=a3fd0f6b37adfcffed3e67bc06615650&chksm=bde6d6928a915f84f185b34d022e85890a49ed3d44d165a5805bb5d701a331bca674d84370df#rd,2025-07-22 17:21:20
41,共绘航运新蓝图 | “2025北外滩国际航运论坛•高端访谈”在<em>第一财经</em>重磅开播,http://mp.weixin.qq.com/s?__biz=MjM5MTM3NTMwNA==&mid=2661611605&idx=2&sn=4822231fd0ddc6abd91dd691984d2947&chksm=bde6d2f28a915be460ccc7db8bec10002817e731e59dddf16b02a7e910e52d2f2d5963c9b466#rd,2025-07-18 12:28:57
42,<em>第一财经</em>布局评级赛道，推出“壹评级——专业股票评价体系”三大先导产品,http://mp.weixin.qq.com/s?__biz=MjM5MTM3NTMwNA==&mid=2661610572&idx=1&sn=b4615c8fd6351b60c1b86e2365fbf014&chksm=bde6deeb8a9157fd4b386ed0169c5368a8c7c0cbf13b38aa71ada6b4d97dc20d630736cb529e#rd,2025-07-15 16:41:04
43,2025WAIC“人工智能精英夜话”定档：<em>第一财经</em>携手共探AI产业化应用价值脉络,http://mp.weixin.qq.com/s?__biz=MjM5MTM3NTMwNA==&mid=2661610370&idx=2&sn=d7b2ccd7621dda2b29d9b0d52b571dd3&chksm=bde6d9258a91503377d664e62b6ef3e56c74cd9d0069fe2fde614256ab1dd9e20ded39482632#rd,2025-07-14 22:52:29
44,精英都在看！《<em>第一财经</em>》× 哈佛/三联/中信书院 联合会员​，超越单<em>一</em>视野,http://mp.weixin.qq.com/s?__biz=MjM5MTM3NTMwNA==&mid=2661609131&idx=2&sn=89aeb44e71c2f349d083230916f47f1c&chksm=bde6c40c8a914d1a79fa5805c047754c6347fe1b8ca0e30d0c8fccb0347389087651c79d9a78#rd,2025-07-09 19:25:11
45,<em>第一财经</em>2025年度品牌力量评选正式启动案例征集！,http://mp.weixin.qq.com/s?__biz=MjM5MTM3NTMwNA==&mid=2661609104&idx=1&sn=2fe0307704e6ce53ea6dd0f66c961a80&chksm=bde6c4378a914d21f58f35ba8b40000a9103e225f53b5d59fc2a4c319c57b734962b05b72eac#rd,2025-07-09 18:42:29
46,跨越山海——<em>第一财经</em>研究院金融机构服务中国企业出海调查问卷,http://mp.weixin.qq.com/s?__biz=MjM5MTM3NTMwNA==&mid=2661605117&idx=2&sn=94a6afc5b071e92008174b36435de84d&chksm=bde6f45a8a917d4c67020bedfc95591d242c3cc8c1166b685b249a46995efa821741020b4db6#rd,2025-06-25 17:39:00
47,<em>第一财经</em>×上交高金携手共研，赋能职场未来,http://mp.weixin.qq.com/s?__biz=MjM5MTM3NTMwNA==&mid=2661604777&idx=2&sn=76933e3684c02b4895bea2050fb200c3&chksm=bde6f70e8a917e18151fe93d492622011a07fdf52b296f5083fb7c5ebfbb499f8799c6b3fcad#rd,2025-06-24 18:02:20
48,跨越山海——<em>第一财经</em>研究院中国企业出海金融服务需求调查问卷,http://mp.weixin.qq.com/s?__biz=MjM5MTM3NTMwNA==&mid=2661604309&idx=2&sn=af955de7b384d0bd65e13a14b638d7db&chksm=bde6f1728a91786400e8156f84a5ecfe12f30fbd1c5d001a0294b154bff53b005bc1214a10b1#rd,2025-06-23 15:41:49
49,探访上海总部经济，<em>第一财经</em>今起推出《总部面对面》系列短视频,http://mp.weixin.qq.com/s?__biz=MjM5MTM3NTMwNA==&mid=2661595491&idx=3&sn=8fb1482a833dc581113673d1f181e4a3&chksm=bde693c48a911ad2812ed998512fd62a68297a35e9988e562194e51d29051d7de4fb390f3316#rd,2025-05-20 20:30:00
50,2025“知投有伴”投保宣传主题月 <em>第一财经</em>5大内容产品 多场线下活动齐亮相,http://mp.weixin.qq.com/s?__biz=MjM5MTM3NTMwNA==&mid=2661594298&idx=2&sn=d93254fe97c93f871367d59bc58c54f5&chksm=bde69e1d8a91170bc32c779979a2235b08c61cb3665402b01f3d8e7c4f6eeab6a75d90668655#rd,2025-05-15 21:24:27
51,投教投保领域有“剧”变！<em>第一财经</em>+中证投服中心携手切入微短剧赛道！,http://mp.weixin.qq.com/s?__biz=MjM5MTM3NTMwNA==&mid=2661594178&idx=2&sn=6e0ce4a0113d092be35c3b227a8fb627&chksm=bde69ee58a9117f354889dcdceec4e42e26e48980ddf27919691f6586371603757ff0c37bf40#rd,2025-05-15 16:45:00
52,聚焦上海创新生态进化 | <em>第一财经</em>助力<em>第</em>六届上海创新创业青年50人论坛成功举办,http://mp.weixin.qq.com/s?__biz=MjM5MTM3NTMwNA==&mid=2661592463&idx=3&sn=d0785f7a1eb99031f3b1ba7f6c72b8fc&chksm=bde687288a910e3ecc6cd71078bd9ebb25f985fb5f41aa883dcc599c4eba37c78d2ca64477d0#rd,2025-05-12 08:50:31
53,相约2025巴菲特股东大会，与<em>第一财经一</em>同开启价值投资新视野,http://mp.weixin.qq.com/s?__biz=MjM5MTM3NTMwNA==&mid=2661589051&idx=2&sn=8f16b974e514e4d821c58869729d61f5&chksm=bde68a9c8a91038a8f8678c800fb1932a5ac7603f63ab275aa876ba9b151b0b2c835741b935a#rd,2025-04-30 17:46:00
,title,link,create_time
0,报名 | <em>第一财经</em>2025“绿点中国”<em>第</em>四届可持续案例评选正式启动,http://mp.weixin.qq.com/s?__biz=MjM5MTM3NTMwNA==&mid=2661588674&idx=2&sn=2dd0de79d91506b78cd065de1b608e35&chksm=bde6b4658a913d73301685de122b8c4c554e045c8151499ce5225e53c3b47c63c6c493bc2ce8#rd,2025-04-29 20:51:23
1,巴菲特股东大会前瞻：九方智投与<em>第一财经</em>聚焦全球变局下的价值投资,http://mp.weixin.qq.com/s?__biz=MjM5MTM3NTMwNA==&mid=2661586753&idx=2&sn=b0ee1fc72b4420e9ab7965bbfcbfb1cd&chksm=bde6bde68a9134f036091fceb98798337247c903245ee2160364821b86136b01acf229f7921d#rd,2025-04-24 18:32:27
2,报名启动啦！|<em>第一财经</em>联合中国信通院云大所发起2025“低空经济领航者”典型案例征集,http://mp.weixin.qq.com/s?__biz=MjM5MTM3NTMwNA==&mid=2661585787&idx=2&sn=da2cef2323b3e1ed21854edd57d69cbc&chksm=bde6b9dc8a9130ca9a499ad6ce3833104a0d6ddb00ad426baa3f71e4d337f4b5be697d474023#rd,2025-04-22 19:47:51
3,【<em>第一财经</em>产融沙龙】广州站《低空经济产业实盘》,http://mp.weixin.qq.com/s?__biz=MjM5MTM3NTMwNA==&mid=2661583476&idx=2&sn=fa2748cde744977cad690da7ff529b90&chksm=bde6a0d38a9129c5d6b8a382e9cc1f4fd8532cd2a79585fe43bc963e67ad6fa536bbead38099#rd,2025-04-16 21:45:38
4,【<em>第一财经</em>产融沙龙】广州站《低空经济产业实盘》,http://mp.weixin.qq.com/s?__biz=MjM5MTM3NTMwNA==&mid=2661583349&idx=2&sn=ab21851d9334c1112a02827a70333292&chksm=bde6a3528a912a44e371e98e1d81b55cbfaefaeae6742270877b3698e2d7b52ca8cb73708bd6#rd,2025-04-16 17:00:52
5,2025<em>第一财经</em>绿点中国召开首次专家评委会，探路“绿野新踪”,http://mp.weixin.qq.com/s?__biz=MjM5MTM3NTMwNA==&mid=2661582921&idx=2&sn=d95474d6e929a112cc22d735fce68a8d&chksm=bde6a2ee8a912bf8688400839ce6deea3c67ab2a198cfe6d96baa18ac7f2d2af4ee42a83a6c1#rd,2025-04-15 21:34:25
6,<em>第一财经</em>智享会员重磅上线！AI赋能，助你决策快人<em>一</em>步！,http://mp.weixin.qq.com/s?__biz=MjM5MTM3NTMwNA==&mid=2661582609&idx=2&sn=375e0c5abc3fff96394d672e30517d2d&chksm=bde6adb68a9124a09a90181f25c1519908ac4abd3f4fa10cb3039d165d96dd40cb7f7ac27668#rd,2025-04-15 11:41:01
7,<em>第一财经</em>与中国信通院云大所联合启动！|“低空经济领航者”2025年度典型案例征集,http://mp.weixin.qq.com/s?__biz=MjM5MTM3NTMwNA==&mid=2661582444&idx=2&sn=11cb16d9f55279fd405e8023fa1ae48c&chksm=bde6accb8a9125dd9854541a139e4a6781a41ea57cc2391e29f03322be566b6510c26643551e#rd,2025-04-14 21:53:23
8,你的运动，每<em>一</em>步都舒适吗？丨斯凯奇×<em>第一财经</em>2025消费者舒适运动趋势报告,http://mp.weixin.qq.com/s?__biz=MjM5MTM3NTMwNA==&mid=2661579522&idx=1&sn=02eab64a5ecf003bc5a4e2abd60e350b&chksm=bde651a58a91d8b3d0c4ce323d93bc16d042d6ee60f773b1718b86ff40535375217149ce6907#rd,2025-04-07 17:30:58
9,“AI+”赋能产业新变革，<em>第一财经</em>“科创未来行”首场生态沙龙成功举行,http://mp.weixin.qq.com/s?__biz=MjM5MTM3NTMwNA==&mid=2661568767&idx=2&sn=02c97dc0f8c5515af9ec798af3546d7a&chksm=bde67a588a91f34e192589c1a9001a119a82b4839812fcecba4ec7246ad3c28904fcface8beb#rd,2025-03-10 15:43:49
10,激活生态新动能，<em>第一财经</em>2025年度“科创未来行”启动,http://mp.weixin.qq.com/s?__biz=MjM5MTM3NTMwNA==&mid=2661565902&idx=2&sn=fb20c3815f1c33a9d4cf3adc6180af15&chksm=bde66f698a91e67f79e6b230d0a7b77a4cfadcce15ac94e4d9dd42b50ba53dd8c60fb62f93df#rd,2025-03-04 14:37:59
11,“陆家嘴金融沙龙”今正式启动，年内举办40期，<em>第一财经</em>助力浦东建设上海国际金融中心核心承载区,http://mp.weixin.qq.com/s?__biz=MjM5MTM3NTMwNA==&mid=2661564988&idx=2&sn=27d2b6860d0f3ec603440e3822a1b118&chksm=bde6689b8a91e18d49506442ccc03bbd9fc613a0910a14a7a05b20848b979f4e3bebe1ed259c#rd,2025-03-01 19:11:01
12,你的运动，每<em>一</em>步都舒适吗？丨斯凯奇×<em>第一财经</em>2025消费者舒适运动趋势大调查,http://mp.weixin.qq.com/s?__biz=MjM5MTM3NTMwNA==&mid=2661562390&idx=2&sn=c9a48719cc191bbc2e71ca6b8f6bcd80&chksm=bde612b18a919ba715b74dce04119deecd42158cabac8cee6ca78287c84cbbebfda2d73d873c#rd,2025-02-24 16:21:58
13,<em>第</em>18届亚洲金融论坛开幕 <em>第一财经</em>工作坊邀您共话海洋经济与绿色未来,http://mp.weixin.qq.com/s?__biz=MjM5MTM3NTMwNA==&mid=2661550771&idx=3&sn=753d00a71190625c78a2fd0847a78ebd&chksm=bde620148a91a902d8e6ef8fb94232cf8f5f29758e2c72c71d3e7730c3bf1b5cf1a07b83377b#rd,2025-01-13 09:56:21
14,报名！倒计时3天｜<em>第一财经</em>“1科创”特别支持首届科学合伙人大会,http://mp.weixin.qq.com/s?__biz=MjM5MTM3NTMwNA==&mid=2661548911&idx=2&sn=80e53a2642e7faf13453295b23435d82&chksm=bde629c88a91a0de4494945bc12c0d2573aadd22b1117d2ead0b0db0891a5da43435f3365c5a#rd,2025-01-08 22:24:09
15,<em>第一财经</em>总编辑杨宇东：新共识的形成虽然不易但是必需,http://mp.weixin.qq.com/s?__biz=MjM5MTM3NTMwNA==&mid=2661546116&idx=1&sn=223c460261cdc81a54162710e425bddb&chksm=bde1d2238a965b351141a8606de64b885ff34cccbe27789c3f01aa814a9ec7578f202b79fa1a#rd,2025-01-01 08:18:00
16,2024<em>第一财经</em>未来产业投资机构榜正式公布,http://mp.weixin.qq.com/s?__biz=MjM5MTM3NTMwNA==&mid=2661546105&idx=2&sn=1995a5cc26baaf84c9a1f803bed3beef&chksm=bde1d2de8a965bc8adb59848a383795909cad03bc18bd907daf8bf87d74b573e77da3a190230#rd,2025-01-01 00:00:04
17,<em>第一财经</em>研究院《跨越山海 | 2024中国企业全球化报告》（执行摘要）发布！,http://mp.weixin.qq.com/s?__biz=MjM5MTM3NTMwNA==&mid=2661545917&idx=2&sn=89378974deb2e353c2058725e94545d6&chksm=bde1dd1a8a96540ca4aa1b6529f42adfa46b2fc6d6653b59bc0f057b19450cac86861b9e5eed#rd,2024-12-31 14:32:47
18,<em>第一财经</em>年度人文图书｜在小径分岔的花园，让阅读引领方向,http://mp.weixin.qq.com/s?__biz=MjM5MTM3NTMwNA==&mid=2661545053&idx=1&sn=a9299db4c7d281ab011976087695f4dd&chksm=bde1defa8a9657ec1cf3dc87bf25bb2052c5cb3b3512dc3ad310e2ef84d29570130270dfb161#rd,2024-12-28 13:17:21
19,<em>第一财经</em>×自如 《2024城市自如生活指南》,http://mp.weixin.qq.com/s?__biz=MjM5MTM3NTMwNA==&mid=2661544101&idx=1&sn=639ba66e6ffdfaf77989c4f39418a6bc&chksm=bde1da028a9653146401845bea93d1dd1d1b25ae92a0f0b149b50951b8950d9f1a62dc470bc2#rd,2024-12-25 19:21:27
20,揭晓！<em>第一财经</em>日报微博原创影响力列前三，老有所依系列调查、新<em>一</em>线城市数据服务双双获奖,http://mp.weixin.qq.com/s?__biz=MjM5MTM3NTMwNA==&mid=2661542857&idx=2&sn=e8860612336eecaa7014bc2db7746513&chksm=bde1c16e8a9648780b9ae778c8321c3a9dbc409bced2bd1e2bb3020dd4f8e5c3aa411186471a#rd,2024-12-22 10:42:54
21,聚焦产业升级与创新突围，2024<em>第一财经</em>资本市场价值榜揭晓,http://mp.weixin.qq.com/s?__biz=MjM5MTM3NTMwNA==&mid=2661542687&idx=2&sn=360156f7c8dd6651a7a5f0e7602248f9&chksm=bde1c1b88a9648aeef0e1579fb76e537f79c39ff66322203afb4e43a7a773742e7f00e12cbe8#rd,2024-12-20 23:43:31
22,向新·向上 | 直播开启！2024<em>第一财经</em>资本年会来袭,http://mp.weixin.qq.com/s?__biz=MjM5MTM3NTMwNA==&mid=2661542440&idx=2&sn=4f077f2f3505aae5b09f14cd52ecbd02&chksm=bde1c08f8a964999bddc0fa71dc355a0784ec9ddcb88b9a051fb40cd1136b0ef968371b69316#rd,2024-12-20 14:14:43
23,倒计时两天！2024<em>第一财经</em>资本年会即将召开,http://mp.weixin.qq.com/s?__biz=MjM5MTM3NTMwNA==&mid=2661541462&idx=1&sn=4202ae3e5bee70c5c552fff075a0981d&chksm=bde1ccf18a9645e7640d1defa0f18f82f96acb2eaa7ca08b38f1917d1d2a0ddcec696d627ef7#rd,2024-12-18 18:11:34
24,2024<em>第一财经</em>•善商业论坛暨中国企业社会责任榜颁奖盛典隆重举行,http://mp.weixin.qq.com/s?__biz=MjM5MTM3NTMwNA==&mid=2661541413&idx=2&sn=9094192b223de8905582b5875d96204e&chksm=bde1cc828a964594348baaedc9cb41dc1722a06beda2383aadc157f3e3a88b72fa913d6478c7#rd,2024-12-18 16:06:08
25,“担当享老新使命，打开质老新格局” 平安臻颐年再获<em>第一财经</em>“最具信赖康养品牌”奖,http://mp.weixin.qq.com/s?__biz=MjM5MTM3NTMwNA==&mid=2661540275&idx=3&sn=6884cf5361b2fb7e7ce9f6b84de30974&chksm=bde1cb148a964202b13f6a299cd4c85c905b085da863e74cc465807c2efd437da4fe5b559f0e#rd,2024-12-16 12:16:27
26,科创突围“向上”，产业升级“向新”：2024<em>第一财经</em>资本年会下周举行,http://mp.weixin.qq.com/s?__biz=MjM5MTM3NTMwNA==&mid=2661539896&idx=2&sn=eaa17151fea6a4e87fd0ecb0ea16864f&chksm=bde1ca9f8a964389edb8cef6ccfea82c19e63355120d8c71f6dde361e25baf82bc673e4d8b2e#rd,2024-12-13 20:38:21
27,2024CSR盛典丨<em>第一财经</em>善商业论坛暨中国企业社会责任榜颁奖典礼即将开启,http://mp.weixin.qq.com/s?__biz=MjM5MTM3NTMwNA==&mid=2661539052&idx=2&sn=21d2c717828b52fdfb82b1ee565bf689&chksm=bde1f64b8a967f5df8ef38cb8f3882037353e6155f912cefa013cba6a9d18ee4d5117e23a41d#rd,2024-12-12 07:26:19
28,2024CSR盛典丨<em>第一财经</em>善商业论坛暨中国企业社会责任榜颁奖典礼即将开启,http://mp.weixin.qq.com/s?__biz=MjM5MTM3NTMwNA==&mid=2661538011&idx=2&sn=b37f2108984efac0fb167b98df5ba7d0&chksm=bde1f27c8a967b6ad3e5dfe6cca8ffd4b7d8324db0a080c45d6c19f2579a44460edf92369abd#rd,2024-12-09 13:11:21
29,2024CSR盛典丨<em>第一财经</em>善商业论坛暨中国企业社会责任榜颁奖典礼即将开启,http://mp.weixin.qq.com/s?__biz=MjM5MTM3NTMwNA==&mid=2661536286&idx=2&sn=37f6e8f21f674af622617a79e66fd20b&chksm=bde1f8b98a9671afe95c87cb974c9dbe1cf1a8996bc0a839f2142bf1edada110c16bd22ecbb9#rd,2024-12-04 16:48:31
30,<em>第一财经</em>问卷调研｜谁是你心中的城市生活招牌,http://mp.weixin.qq.com/s?__biz=MjM5MTM3NTMwNA==&mid=2661536022&idx=1&sn=265a337b7f6f055ae6b4e460a8623b97&chksm=bde1fbb18a9672a7023b37b1730ab09a12fb93b0a8f932fdb8b5e803de6a845a717fe1176ffe#rd,2024-12-03 20:53:01
31,新使命·新格局——2024<em>第一财经</em>金融价值榜·金融峰会明日开幕,http://mp.weixin.qq.com/s?__biz=MjM5MTM3NTMwNA==&mid=2661533538&idx=2&sn=b8c79a3fe30f8366c0c3ad763a4fbe3b&chksm=bde1edc58a9664d392f81314ff8dcb8129f417b0dd53829fdc215fd8e35f85fbe61a62470ff9#rd,2024-11-27 13:50:40
32,塑心换羽，顺势共生！<em>第一财经</em>、CBNData启动「2024中国消费品牌增长力大调查」,http://mp.weixin.qq.com/s?__biz=MjM5MTM3NTMwNA==&mid=2661528435&idx=2&sn=de7d447aed71810536ddbbb84d00f827&chksm=bde199d48a9610c2e1a41f44748f4f5f40282f8a3b6094f68a02f6f15f98e4ed406cce7cd5d5#rd,2024-11-15 17:20:16
33,回到河流的深处——《<em>第一财经</em>日报》二十周年致读者,http://mp.weixin.qq.com/s?__biz=MjM5MTM3NTMwNA==&mid=2661528112&idx=1&sn=d167ccf820826912bc37d209290a76a3&chksm=bde198978a961181dcf1208c58f739e1144a9d0f8f95fcf2af970c985e5aab76d4f95903cb94#rd,2024-11-15 09:08:05
34,行稳智远，惠享未来丨<em>第一财经</em>年终聚惠如期而至,http://mp.weixin.qq.com/s?__biz=MjM5MTM3NTMwNA==&mid=2661526277&idx=2&sn=335ccb5314f7de05a40dc60548a4da3f&chksm=bde181a28a9608b4349f853f3d83d2b056e9267e3019a1c07f0dd2b9d24f59abdaac2cac426b#rd,2024-11-11 18:56:09
35,“新使命·新格局”——2024<em>第一财经</em>金融峰会开幕在即,http://mp.weixin.qq.com/s?__biz=MjM5MTM3NTMwNA==&mid=2661524094&idx=2&sn=5994cb2813503bf796b314638ff74f30&chksm=bde188d98a9601cfe8cc98493a02d8d8c48e9836ff7de2ef1f5ffd43fd96a5485d0f29e1c256#rd,2024-11-07 16:14:00
36,2024香港金融科技周即将开幕 |<em>第一财经</em>分论坛聚焦“Fintech 新引擎：驱动中国企业出海新机遇”,http://mp.weixin.qq.com/s?__biz=MjM5MTM3NTMwNA==&mid=2661518713&idx=2&sn=aa1e0a5145a4f8a2e1b98ec60ec4bdd2&chksm=bde1a7de8a962ec820f73faf8588dd283b6339c75270c5f0917da770f184d787d93efe529ff1#rd,2024-10-27 11:28:45
37,YUE山向海——<em>第一财经</em>·中国企业出海行扬帆起航,http://mp.weixin.qq.com/s?__biz=MjM5MTM3NTMwNA==&mid=2661517647&idx=2&sn=206d0aa4a6234d1cb44054447546426a&chksm=bde1a3e88a962afea5576ae82c9487551492609b4044df7f48f2e42f72bc242b948c61075302#rd,2024-10-24 16:35:00
38,YUE山向海——<em>第一财经</em>·中国企业出海行火热招募中,http://mp.weixin.qq.com/s?__biz=MjM5MTM3NTMwNA==&mid=2661515187&idx=2&sn=d24dca55ca2ac3a5bb6dcde5f69773da&chksm=bde155148a96dc028a2a4824e0043505e427d40d41c6604d4461553dd2e09c191ed5286a4877#rd,2024-10-20 11:15:06
39,YUE山向海——<em>第一财经</em>·中国企业出海行火热招募中,http://mp.weixin.qq.com/s?__biz=MjM5MTM3NTMwNA==&mid=2661515045&idx=2&sn=65cf40e06724396332bae9b4312040f9&chksm=bde155828a96dc94e4d937db144f2b54d9f53de377cf61271137afd55d0953d16ccc32e4ddde#rd,2024-10-19 08:23:53
40,<em>第一财经</em>旗下应帆科技入选国务院国资委“科改企业”名单,http://mp.weixin.qq.com/s?__biz=MjM5MTM3NTMwNA==&mid=2661514845&idx=2&sn=691950dcafefbb964fe10ead2d3b29be&chksm=bde154fa8a96ddec8bec9e108e01460c8d09329c079053741931af6078899ee0ba9d3dac2c2f#rd,2024-10-18 17:59:00
41,节目预告 |《2024新时代养老金融指数报告》即将重磅发布，<em>第一财经</em>《首席养老官》特别呈现,http://mp.weixin.qq.com/s?__biz=MjM5MTM3NTMwNA==&mid=2661508371&idx=2&sn=80fb2bc6d243aefc9c9312c4de034049&chksm=bde14fb48a96c6a27b9ad33bab47efc756723bec052761b999f533d6455aff205e0d7ae256a4#rd,2024-09-27 20:51:18
42,YUE山向海——<em>第一财经</em>·中国企业出海行启动,http://mp.weixin.qq.com/s?__biz=MjM5MTM3NTMwNA==&mid=2661508053&idx=2&sn=ce9b05188e8b0aa1e244ae54e870e5fe&chksm=bde149728a96c06430232505ae0da079202e0ed675379416b54d5322db646ba02fc238a21c8e#rd,2024-09-27 12:04:35
43,<em>第一财经</em>21天优质阅读打卡<em>第</em>五季启航,http://mp.weixin.qq.com/s?__biz=MjM5MTM3NTMwNA==&mid=2661506242&idx=2&sn=0b4397d131c06814344dd38daa6d3f90&chksm=bde176658a96ff73a1ee4fee497428e456841c871885a09562757cf222e5355b655818d7029b#rd,2024-09-23 18:31:09
44,星翼大模型2.0升级再添媒体智能化转型动能 | <em>第一财经</em>入选<em>第</em>四届中国报业深度融合发展创新案例,http://mp.weixin.qq.com/s?__biz=MjM5MTM3NTMwNA==&mid=2661503135&idx=2&sn=6f4b83739b55c57c82f8c51f9542541b&chksm=bde17a388a96f32ee397467e87019e3b28d53cd8d9109044d6f5653b10edcd91b5dd335bbac0#rd,2024-09-13 16:59:21
45,学员招募丨<em>第一财经</em>中国媒体人ESG研修班（<em>第</em>五期）,http://mp.weixin.qq.com/s?__biz=MjM5MTM3NTMwNA==&mid=2661501254&idx=2&sn=9fcdde81d2bd8620e66e1ee8b03b83fa&chksm=bde163e18a96eaf72eda7d70263b6bec083699688354874977aa419ba0d9a71c72f39e18ebd3#rd,2024-09-10 07:24:17
46,探索新质生产力，共绘可持续发展蓝图——2024<em>第一财经</em>零碳峰会正式举行,http://mp.weixin.qq.com/s?__biz=MjM5MTM3NTMwNA==&mid=2661500018&idx=3&sn=a5d97ee6801177e818e4b047f3ae5b68&chksm=bde16ed58a96e7c3d36a85190f688e73192a9832b03c32baa1e7923b0af556b283422943319e#rd,2024-09-07 14:28:38
47,“向新而生 科技创新赋能大健康产业”论坛首次招募VIP观众 | <em>第一财经</em>《大湾区有话说》,http://mp.weixin.qq.com/s?__biz=MjM5MTM3NTMwNA==&mid=2661493520&idx=2&sn=9982d919de11c9163fb7382ad826a81b&chksm=bde101b78a9688a1a77df935c5d8b3f934976cc12abb38f5eacbdec4a1e51091f92265252283#rd,2024-08-22 14:02:55
48,<em>第一财经</em>问卷调研｜是否遇到过需要“仅退款”的情况？,http://mp.weixin.qq.com/s?__biz=MjM5MTM3NTMwNA==&mid=2661491002&idx=2&sn=1f5ba3eb0c3ae2aa80de1016d5461065&chksm=bde10b9d8a96828b6bf2ec77ba1b91c3a665053b1d7c58f8fe10e0bcc2365f2679a98c71f30e#rd,2024-08-16 20:20:00
49,<em>第一财经</em>问卷调研｜你的上网时间都花在哪儿？,http://mp.weixin.qq.com/s?__biz=MjM5MTM3NTMwNA==&mid=2661489575&idx=2&sn=0ff3af004ed0f37c84ecead75f5e1dee&chksm=bde131008a96b81624588c11fb75e070b947d81ee8ecdd54d338b991e5b44188ef76efe29813#rd,2024-08-13 14:02:44
,title,link,create_time
0,<em>第一财经</em>21天优质阅读打卡（<em>第</em>四季）金榜题名,http://mp.weixin.qq.com/s?__biz=MjM5MTM3NTMwNA==&mid=2661484065&idx=2&sn=6eb21a700e7905f4efe10f265c8ba056&chksm=bde12c868a96a590f5434a4042142ab07f000d1ea31412873662bd0b450a2997db4904be8767#rd,2024-07-31 08:53:53
1,<em>第一财经</em>2024“绿点中国·可持续消费实践案例评选”提名名单正式揭晓,http://mp.weixin.qq.com/s?__biz=MjM5MTM3NTMwNA==&mid=2661482301&idx=4&sn=5989f49b6bbe31513541d41fcc152adc&chksm=bde0d59a8a975c8cb4175738cd293c5c7d296a431eaf98a58626ecaedae4677b781bdeb3d13f#rd,2024-07-26 14:23:50
2,2024<em>第一财经</em>•中国企业社会责任榜正式启动,http://mp.weixin.qq.com/s?__biz=MjM5MTM3NTMwNA==&mid=2661481588&idx=2&sn=9a3c2eb15705419fb010f44058ed47dd&chksm=bde0d6d38a975fc5116324e4007ce0b9f59e70f66b22c575e31cdebbc7177664a4fe2dcd26f8#rd,2024-07-25 08:18:55
3,加速布局SMG in AI | <em>第一财经</em>自主研发“星翼大模型”正式发布,http://mp.weixin.qq.com/s?__biz=MjM5MTM3NTMwNA==&mid=2661474277&idx=1&sn=ffd1c0dc9abb0e8e68ec3e9a31ea8733&chksm=bde0f5428a977c542ac40f7d04273ef2e4a574a7d0bceff6a4cdfafc99302383a421f9cb36d5#rd,2024-07-06 20:43:42
4,<em>第</em>六届<em>第一财经</em>·RFP理财精英评选颁奖盛典隆重举行：星光熠熠 荣耀加冕,http://mp.weixin.qq.com/s?__biz=MjM5MTM3NTMwNA==&mid=2661472580&idx=2&sn=572be583eaf8e03fe4044ffbc9e2b227&chksm=bde0f3e38a977af5e303a7518c142ce289c1d3c3ce038aaf67129bb791f2abab68fb4f1bfb21#rd,2024-07-02 08:29:44
5,共话新生态 共探新未来 | “2024北外滩国际航运论坛•高端访谈”在<em>第一财经</em>启播,http://mp.weixin.qq.com/s?__biz=MjM5MTM3NTMwNA==&mid=2661466744&idx=2&sn=b08efcd42911cad8c80e2201bf65eb0a&chksm=bde0e8df8a9761c95a32d7c93b3c00b02339cf0d53fb95055e2bd1488217393cdab9a6951521#rd,2024-06-18 17:41:25
6,学员招募丨<em>第一财经</em>中国媒体人ESG研修班（<em>第</em>四期）,http://mp.weixin.qq.com/s?__biz=MjM5MTM3NTMwNA==&mid=2661466654&idx=2&sn=b1065bb8f0f2310622afdc32a1cbb17c&chksm=bde0e8b98a9761af0dc7b0f8d9a14ddcdd6ec98a2dba1011ca7c3f43cbe1713c36516fbc8ca5#rd,2024-06-18 14:20:16
7,不能错过｜<em>第一财经</em>2024“绿点中国·可持续消费实践案例评选”报名进入倒计时！,http://mp.weixin.qq.com/s?__biz=MjM5MTM3NTMwNA==&mid=2661465979&idx=3&sn=e09c2bcaf8b11fe1140f7a87e1b02fdb&chksm=bde095dc8a971cca3798795446ffbd87dc4aec51a00a50399b876d4f2290fb4fc00f1b106d64#rd,2024-06-17 12:26:45
8,<em>第一财经</em>探访格兰富常熟工厂 解析绿色工厂的新质生产力,http://mp.weixin.qq.com/s?__biz=MjM5MTM3NTMwNA==&mid=2661463151&idx=2&sn=f31c15e86a53a845a0d57b1e72f1af10&chksm=bde09ec88a9717de068139b755f3fbd40899d0b9190756a37e589182204c50e59bcf8d31707b#rd,2024-06-07 10:45:47
9,2024上海国际碳中和博览会开幕，<em>第一财经</em>多元化“碳索”全方位升级,http://mp.weixin.qq.com/s?__biz=MjM5MTM3NTMwNA==&mid=2661462035&idx=3&sn=e8bee857524597b3fa6529afd663e91e&chksm=bde09ab48a9713a2d17ab3bd4b8a7b170928acc1d28726439d0b08030defa0abea7f0e8b9746#rd,2024-06-05 10:25:26
10,【荣耀时刻】<em>第</em>六届<em>第一财经</em>·RFP理财精英评选最终获奖名单发布,http://mp.weixin.qq.com/s?__biz=MjM5MTM3NTMwNA==&mid=2661456607&idx=2&sn=c824f999a08392ea7448fe4a9b3c721a&chksm=bde0b0788a97396e38b8facd1187cf747bf512663cca5b4a16a6f485ac580cf0fc614c9c03f8#rd,2024-05-23 08:44:32
11,携手共创可持续未来 | 上海世博会博物馆与<em>第一财经</em>签署合作备忘录,http://mp.weixin.qq.com/s?__biz=MjM5MTM3NTMwNA==&mid=2661453982&idx=2&sn=47fdf62ecae2c448d4b659eec2f81b13&chksm=bde0ba398a97332f77935fbce7037077c7dcd91ccab1c6ce5f3ef6254158055664f87c9ae419#rd,2024-05-19 14:17:18
12,巴菲特股东大会预热：九方智投与<em>第一财经</em>共探投资巨擘新篇章,http://mp.weixin.qq.com/s?__biz=MjM5MTM3NTMwNA==&mid=2661445919&idx=2&sn=3a54445e83a298f72e2c0c45fed6000b&chksm=bde05bb88a97d2ae0624e2c28a1990ad24ab130e4ad14e80298b4fe799dc45854e74db9f3201#rd,2024-04-29 12:46:19
13,<em>第一财经</em>对网络流传伪造本公司“说明函”的声明,http://mp.weixin.qq.com/s?__biz=MjM5MTM3NTMwNA==&mid=2661444185&idx=1&sn=d788f697decabea2e889a51789580e39&chksm=bde040fe8a97c9e857b73416bf4c55d893b0cb3b84db398a7794cf5566aaf997551b417de920#rd,2024-04-25 17:02:57
14,<em>第一财经</em>联合Yiwealth发布首份城商行数字化运营报告，同步推出城商行赋能计划,http://mp.weixin.qq.com/s?__biz=MjM5MTM3NTMwNA==&mid=2661440643&idx=4&sn=0f4d249a74eb39a77357160e2973cde3&chksm=bde076248a97ff32dc7be7dc90f3d34f1dd4be412abc6d348187887a681c463ac91fc7f1a664#rd,2024-04-18 22:44:39
15,报名 | <em>第一财经</em>2024“绿点中国·可持续消费实践案例评选”正式启动,http://mp.weixin.qq.com/s?__biz=MjM5MTM3NTMwNA==&mid=2661439752&idx=2&sn=c169de53326da5c470db93c3d1d00ef6&chksm=bde073af8a97fab96bc9c9168a817110a66be4b2dc96a0f38e1703e3bb0e6cd1f34b7f8bdcb4#rd,2024-04-17 12:13:05
16,<em>第一财经</em>@你参与异地就医调研,http://mp.weixin.qq.com/s?__biz=MjM5MTM3NTMwNA==&mid=2661439081&idx=3&sn=65098ce8efa17073655a6e6ecabb2158&chksm=bde07cce8a97f5d8dea3096cead6bf523c13ccf15fa72c7a9d8a6b529b9ae9cb183044a05ce5#rd,2024-04-15 20:31:06
17,首站海南 <em>第一财经</em>《头脑风暴》全新系列探寻区域经济发展中的“中国机会”,http://mp.weixin.qq.com/s?__biz=MjM5MTM3NTMwNA==&mid=2661438529&idx=3&sn=3a079505521a02596b8101407105f367&chksm=bde07ee68a97f7f0a0bacb266798c8456f92ee1558de737564ce8c7e633799bd1bc22014f94c#rd,2024-04-13 17:42:41
18,<em>第一财经</em>@你参与异地就医调研,http://mp.weixin.qq.com/s?__biz=MjM5MTM3NTMwNA==&mid=2661437551&idx=2&sn=44027566fe935daad8146813bee043f7&chksm=bde07ac88a97f3deff0a08b72814bc545697f06f41cfbcd8289d10ddf998de012a682966ca31#rd,2024-04-10 22:03:41
19,<em>第一财经</em>研究院《2023年中国碳市场年报》发布！,http://mp.weixin.qq.com/s?__biz=MjM5MTM3NTMwNA==&mid=2661432394&idx=3&sn=3b81820dfb34965cecee753855c1bfea&chksm=bde016ed8a979ffb1820189eb1ae18568af95c6d19ec92bf1d1a205bee6b677b778290ea254b#rd,2024-03-27 17:14:19
20,万物复苏、向新而生，<em>第一财经</em>小程序全新上线！,http://mp.weixin.qq.com/s?__biz=MjM5MTM3NTMwNA==&mid=2661429195&idx=2&sn=95101373908e8f99eee7ab756abb4684&chksm=bde0056c8a978c7a99fefbe3f249b8288af6ff40f4738291e380179e53715b94f5ac3635c391#rd,2024-03-20 17:14:07
21,<em>第一财经</em>与华为达成鸿蒙合作,http://mp.weixin.qq.com/s?__biz=MjM5MTM3NTMwNA==&mid=2661427614&idx=2&sn=9a06ca92dc730d1b03f706ae9ca2fbb9&chksm=bde003398a978a2f102695416d589f56496d42d61251db75a6debc4304e317fc1ee650d346cd#rd,2024-03-15 13:27:55
22,【荣耀时刻】<em>第</em>六届<em>第一财经</em>.RFP理财精英评选<em>第</em>二批获奖名单发布,http://mp.weixin.qq.com/s?__biz=MjM5MTM3NTMwNA==&mid=2661426820&idx=2&sn=1ef9378447c045bb6ddef5cd6d584f80&chksm=bde00c238a978535f74936fc12a48c901279bf3302a879158182ea720ab22f7ecac1566b8011#rd,2024-03-13 19:40:48
23,【荣耀时刻】<em>第</em>六届<em>第一财经</em>.RFP理<em>财经</em>营评选<em>第</em>二批获奖名单发布,http://mp.weixin.qq.com/s?__biz=MjM5MTM3NTMwNA==&mid=2661426509&idx=2&sn=838e8bdba2240da4642fd7ac6b589baf&chksm=bde00fea8a9786fc03084e71b807800a31d02340c23c1816ca6a65587e528d7e00007aab7d08#rd,2024-03-13 08:17:52
24,<em>第一财经第</em>二波红包封面来了！免费领，手慢无！,http://mp.weixin.qq.com/s?__biz=MjM5MTM3NTMwNA==&mid=2661416483&idx=1&sn=cc6371bc8cc8d249cb7105d89edd5b8a&chksm=bde3d4848a945d924d2aa12d3ea5f53241449df5ccec5163b5143b704e7cf7f4db0101ba78f2#rd,2024-02-09 12:00:00
25,重磅！<em>第一财经</em>《2023年人民币汇率年报》发布！全文→,http://mp.weixin.qq.com/s?__biz=MjM5MTM3NTMwNA==&mid=2661416430&idx=1&sn=dc41a144805bbd35dfe2bfcebd950132&chksm=bde3d7498a945e5fc1dc6eed5bfb26dbd1a789294f043bc3cd74604113622a774c6fc2c01f94#rd,2024-02-08 19:10:12
26,<em>第一财经</em>红包封面来了！免费领，手慢无！,http://mp.weixin.qq.com/s?__biz=MjM5MTM3NTMwNA==&mid=2661416319&idx=1&sn=718820072842113f0c38122e830d6def&chksm=bde3d7d88a945ece34fe72888a9cc5b59e39841bbd881dba25cef222162d90fbde95103e719e#rd,2024-02-08 18:00:00
27,云上会 | <em>第一财经</em>首届《“1势力”新能源车品牌魅力榜》重磅发布,http://mp.weixin.qq.com/s?__biz=MjM5MTM3NTMwNA==&mid=2661411407&idx=2&sn=f6ac1fd4b7f9eddd13ae9acc70fd5c4f&chksm=bde3c0e88a9449fe1eb431ac1e2fd581e79e17c308a0b8b19f8c9ced5a257d079265b105ee15#rd,2024-01-24 13:32:14
28,【重磅来袭】2023<em>第一财经</em>首届《“1势力”新能源车品牌魅力榜》即将发布,http://mp.weixin.qq.com/s?__biz=MjM5MTM3NTMwNA==&mid=2661410359&idx=3&sn=22cf8f763e2e293beb9aa59f3130b447&chksm=bde3cc908a944586a5cb657e5bac43bc321ec3df92f29d9cd7a38e753e5a101661ac6de4b0e1#rd,2024-01-21 11:17:59
29,帝亚吉欧携手<em>第一财经</em>举办“品饮有分寸 生活超带感” ESG主题沙龙，漫谈新世代饮酒文化,http://mp.weixin.qq.com/s?__biz=MjM5MTM3NTMwNA==&mid=2661407531&idx=2&sn=6986fd3fd87b899122b3709f396b1a27&chksm=bde3f18c8a94789a1118c6dc06769bc0c69f2aa9bd5f45c14a59b6b22195bdcc738719807d41#rd,2024-01-15 19:46:29
30,以专业彰显卓越价值， <em>第一财经</em>多个优秀IP斩获上海市<em>第</em>十<em>一</em>届优秀公共关系案例评选3项大奖,http://mp.weixin.qq.com/s?__biz=MjM5MTM3NTMwNA==&mid=2661407268&idx=3&sn=88e7f88454fa1a2b1c9caaee7367a928&chksm=bde3f0838a94799586077469f1258469e042cb71bb3f6f4502a2a4c19317362179bcbeaa681f#rd,2024-01-15 14:17:39
31,学员招募丨<em>第一财经</em>中国媒体人ESG研修班（<em>第</em>三期）,http://mp.weixin.qq.com/s?__biz=MjM5MTM3NTMwNA==&mid=2661392075&idx=2&sn=3b96b8f7c7a83e57faed6238dc7ae5fb&chksm=bde3b46c8a943d7a134459548b604288505e604edb03755c3b206e8662b8e5963bea414de005#rd,2023-12-19 08:18:13
32,2023<em>第一财经</em>中国企业社会责任榜荣耀发布,http://mp.weixin.qq.com/s?__biz=MjM5MTM3NTMwNA==&mid=2661391452&idx=1&sn=12ce10b50a3db3f0b065388d5c7dd70f&chksm=bde3b6fb8a943fed7332588946fa3c8ae4e6f4c4343ff5cc976b1e68b1caf11ea3210c5d886c#rd,2023-12-18 15:27:15
33,2023<em>第一财经</em>•善商业论坛暨中国企业社会责任榜颁奖盛典隆重举行,http://mp.weixin.qq.com/s?__biz=MjM5MTM3NTMwNA==&mid=2661390367&idx=2&sn=c1f2bf2bb603c0189bfee5fb0df42b19&chksm=bde3b2b88a943bae774f53077dbd600161cfad6edcdca9cc7308d7b72b1bdb9c4d3cbac92dd4#rd,2023-12-15 21:57:09
34,算力大时代，能源新征程！<em>第一财经</em>携手协鑫能科发布《2023数字能源年度报告》,http://mp.weixin.qq.com/s?__biz=MjM5MTM3NTMwNA==&mid=2661389810&idx=1&sn=a2b82753329ecdf70da99bab05aa7a94&chksm=bde3bf558a9436430b47d0b91e974adb42b5a7c440874709daf82ac6e55aff0694f7ad1da198#rd,2023-12-15 15:55:00
35,【荣耀时刻】<em>第</em>六届<em>第一财经</em>·RFP理财精英评选<em>第一</em>批获奖名单发布,http://mp.weixin.qq.com/s?__biz=MjM5MTM3NTMwNA==&mid=2661389393&idx=2&sn=cd8d9f3a3ebd423610782fb34fec7e5f&chksm=bde3bef68a9437e0f895d0c05938b40da9e39d7e1b6480fc18068f740ec0476e29f96790f89a#rd,2023-12-15 09:23:51
36,致敬创新力量 2023<em>第一财经</em>资本市场价值榜揭晓,http://mp.weixin.qq.com/s?__biz=MjM5MTM3NTMwNA==&mid=2661388208&idx=3&sn=2435d9e7b5b9dc4d06c7c609e020b493&chksm=bde3a5178a942c013af2c3b17f556d8d537130f4d195c8d71d158aa467a5c806891f9cb00420#rd,2023-12-14 14:48:14
37,记录2023，推动2024：<em>第一财经</em>十大年度热词揭晓,http://mp.weixin.qq.com/s?__biz=MjM5MTM3NTMwNA==&mid=2661388208&idx=2&sn=4926f41cdc389bf54d7d1fb4355f0cbe&chksm=bde3a5178a942c011303d2131afdc78bd2ef6909111e2997ed7748422444022d093b6a7232ea#rd,2023-12-14 14:48:14
38,<em>第一财经</em>资本年会顺利举办：拥抱变革、坚定信心、致敬创新,http://mp.weixin.qq.com/s?__biz=MjM5MTM3NTMwNA==&mid=2661388208&idx=1&sn=17d8fd45a842504b3d1ebbe701890e8c&chksm=bde3a5178a942c0189aa150c96211f58d00c45e49ae3bb73fce59c49ab88e44bf6bc142371d5#rd,2023-12-14 14:48:14
39,就在本周！8小时超浓缩的<em>第一财经</em>资本年会，你预约了吗？,http://mp.weixin.qq.com/s?__biz=MjM5MTM3NTMwNA==&mid=2661385870&idx=1&sn=54b5fd2f1a64222113b9d4285a852dea&chksm=bde3ac298a94253f6d6ea91acf5372b7ff36b50daa5071da93e10a1c6e74f283c9eea54440a0#rd,2023-12-11 17:02:49
40,【重磅来袭】12月15日，2023<em>第一财经</em>•CSR年度盛典即将精彩呈现,http://mp.weixin.qq.com/s?__biz=MjM5MTM3NTMwNA==&mid=2661384887&idx=2&sn=d582e5c6d70f864ea2fc148918494e57&chksm=bde3a8108a94210667038d22d75cf2ed90afeec3fbbc90769556e473e9a6238d8f2097f706f8#rd,2023-12-08 23:34:23
41,聚力·重振，“2023<em>第一财经</em>金融价值榜·金融峰会”聚焦金融改革进程,http://mp.weixin.qq.com/s?__biz=MjM5MTM3NTMwNA==&mid=2661377786&idx=2&sn=87ce075b4e144de3ac640d699ccae747&chksm=bde34c5d8a94c54b95d4578028ac0ad714fb9380e155ec58400550976ea23441c3398231623c#rd,2023-11-27 17:44:31
42,深度驱动全域时代发展 | <em>第一财经</em>携手浙江大学管理学院联合发布《中国企业全域DTC洞察白皮书》,http://mp.weixin.qq.com/s?__biz=MjM5MTM3NTMwNA==&mid=2661375593&idx=2&sn=6ba8d7689d85047cc35cc24e2a8d7464&chksm=bde374ce8a94fdd8a478123204713b4e66cf7170fbf16a35c93a7178a71627fad41ea3469f36#rd,2023-11-23 21:26:09
43,<em>第一财经</em>总编辑杨宇东：没有了公信力的传播力影响力毫无价值,http://mp.weixin.qq.com/s?__biz=MjM5MTM3NTMwNA==&mid=2661374981&idx=3&sn=70df06358f08e2be9b794239735e0065&chksm=bde376a28a94ffb40519948c113de9a682f709a4baebb865ed3afae89977fa363c10eb673685#rd,2023-11-22 22:40:27
44,聚力·重振——2023<em>第一财经</em>金融价值榜峰会开幕在即,http://mp.weixin.qq.com/s?__biz=MjM5MTM3NTMwNA==&mid=2661371877&idx=3&sn=4c7dbbfff5486440025149a8cf4ae244&chksm=bde365428a94ec5462a7edec1cb6c41bca5d32ed70e2e184994c0c0018cad84e113ba77f0379#rd,2023-11-17 08:14:41
45,又到丰收季，<em>第一财经</em>15个作品获得新闻奖,http://mp.weixin.qq.com/s?__biz=MjM5MTM3NTMwNA==&mid=2661367529&idx=3&sn=99d766c91fd1819fe0ba02f24568c421&chksm=bde3144e8a949d58554636bce070448fd79bd8d8db1fda92add10fb11e0128e52e500ff80114#rd,2023-11-09 20:51:30
46,华为擎云 G740采编新神器 让<em>第一财经</em>进博会报道更丝滑,http://mp.weixin.qq.com/s?__biz=MjM5MTM3NTMwNA==&mid=2661366733&idx=1&sn=52cfb16670b267196e600c15fd5256c6&chksm=bde3116a8a94987ce3b0a3c174a45bb5e132c59058981a0108be84ae146f322ed0bb18760a16#rd,2023-11-09 08:33:32
47,总理提起的阿富汗卖地毯小伙，<em>第一财经</em>已跟踪报道了3年,http://mp.weixin.qq.com/s?__biz=MjM5MTM3NTMwNA==&mid=2661366021&idx=2&sn=cf5f1f52775d2420a32cfa99216ce890&chksm=bde313a28a949ab4d503c35544e345c1cd923a54f8fabd826ad99746094d29f144254fbcc8fd#rd,2023-11-08 14:38:38
48,香港金融科技周进行时，<em>第一财经</em>分论坛聚焦“人工智能新纪元：探路金融大模型”,http://mp.weixin.qq.com/s?__biz=MjM5MTM3NTMwNA==&mid=2661362079&idx=2&sn=eab5ee3713ab2adba1579b62900bf04c&chksm=bde303388a948a2e0ef7cbfda89fa61a85c049aad2d706620c441dea8a816efb78ccd2f36efa#rd,2023-11-02 12:20:01
49,<em>第一财经</em>、新加坡交易所集团联合推出 | ”狮城观市•新加坡REITs全解读”特别策划,http://mp.weixin.qq.com/s?__biz=MjM5MTM3NTMwNA==&mid=2661361564&idx=3&sn=d9cefd731b12448441dba71f65e0913c&chksm=bde30d3b8a94842d23dcdeb40c624432ed360d2c5e667d248ff55c8f2a946adcb1e6ad7545b1#rd,2023-11-01 16:06:06
,title,link,create_time
0,<em>第一财经</em>YiMagazine再获亚洲媒体奖“最佳杂志封面设计”金奖,http://mp.weixin.qq.com/s?__biz=MjM5MTM3NTMwNA==&mid=2661358553&idx=3&sn=7615d0f7277a0d7ac4fec233a15d87c4&chksm=bde3317e8a94b8682ce88413ebd2eb430b81298dcf89489188e0c4382e89b487a07463a1ac15#rd,2023-10-27 16:48:22
1,去给未来上色 | 《<em>第一财经</em>》杂志YiMagazine举办<em>第</em>六届未来商业秀,http://mp.weixin.qq.com/s?__biz=MjM5MTM3NTMwNA==&mid=2661354978&idx=2&sn=9fec782c557146414714e0ad44c01503&chksm=bde327458a94ae53c5557ba1d242c1b3d7157f7223a0c73786b4738670cca7db74109b94a8dd#rd,2023-10-23 13:27:11
2,回到绿色世界 | <em>第一财经</em>举办绿点中国暨未来商业秀,http://mp.weixin.qq.com/s?__biz=MjM5MTM3NTMwNA==&mid=2661354602&idx=2&sn=579c56edf9d686f41e722facd0e67420&chksm=bde326cd8a94afdbf29f93dd52eaf3800b6767461b4b006f73ac5b9848ebcf72507e9488ac80#rd,2023-10-22 14:41:19
3,杨宇东总编辑：<em>第一财经</em>媒体深融的“时代增长基因”探索之路,http://mp.weixin.qq.com/s?__biz=MjM5MTM3NTMwNA==&mid=2661354372&idx=3&sn=e48211fd1703d5ab027a25289ac76edc&chksm=bde321238a94a8350b567a2ef8d12eeff6c4e1adb909576f4634e1c7f8c62df06f600bc14446#rd,2023-10-21 09:27:11
4,中国银行、<em>第一财经</em>联合举办“对话新加坡”国际化专场,http://mp.weixin.qq.com/s?__biz=MjM5MTM3NTMwNA==&mid=2661350049&idx=2&sn=4fd36b77e30dc7b717311b6f1e98f75b&chksm=bde2d0068a9559106be8ece9f22a197f96607ff338e271e97376026a85fa5856d1548091479b#rd,2023-10-13 23:04:15
5,学员招募丨<em>第一财经</em>“ESG”媒体人工作坊——重磅授课讲师揭幕,http://mp.weixin.qq.com/s?__biz=MjM5MTM3NTMwNA==&mid=2661349620&idx=2&sn=52513b251bf026215d9a0f5615006e8a&chksm=bde2d2538a955b45d175809c7e4717425e61e24e038de9f127e3f47ad08255b2b3be7b5d3207#rd,2023-10-13 14:35:07
6,​“跨越山海 链接世界”——<em>第一财经</em>带你去看“<em>一</em>带<em>一</em>路”产业链变迁,http://mp.weixin.qq.com/s?__biz=MjM5MTM3NTMwNA==&mid=2661339687&idx=2&sn=844ca4fb6f3a45862c5ffc87854ffeae&chksm=bde2f8808a957196de3ac7bf5bd30b2ce351228cea6f2d5f85943a40d2bac672bc05dd6b48c6#rd,2023-09-26 13:46:45
7,学员招募丨<em>第一财经</em> 中国媒体人ESG研修院,http://mp.weixin.qq.com/s?__biz=MjM5MTM3NTMwNA==&mid=2661334015&idx=2&sn=e32c31872d2e2ce0ab790013f6707a3b&chksm=bde291588a95184e9e3dba701341b6bddbe654d5e0eb9d86da948271e28d986e6a29901a3566#rd,2023-09-12 18:10:25
8,<em>第一财经</em>招人进行时！这里有个好机会，拍了拍你,http://mp.weixin.qq.com/s?__biz=MjM5MTM3NTMwNA==&mid=2661332434&idx=2&sn=c89500af0542bffd58ccda8a98f9745c&chksm=bde29f758a9516630877cc15f5d346f856458c049216c5821b6b0862f982a266d6982d6b5076#rd,2023-09-08 15:17:31
9,<em>第</em>六届<em>第一财经</em>·RFP理财精英评选：评审类奖项报名倒计时中,http://mp.weixin.qq.com/s?__biz=MjM5MTM3NTMwNA==&mid=2661331900&idx=2&sn=a9beab14d6f0dbffa1e1cd077bd46d40&chksm=bde2991b8a95100d17c5f736eb57132cc14dfb1cbe79309b1126eaf276eb7b899eca2d44f82a#rd,2023-09-07 17:45:56
10,优先名额｜<em>第一财经</em>上市公司ESG加速营,http://mp.weixin.qq.com/s?__biz=MjM5MTM3NTMwNA==&mid=2661331816&idx=2&sn=a3c5bcb634460dfafb8a7730d81c62bc&chksm=bde299cf8a9510d955f61f8988ba706a7478dda3c9ca2bc7d4dbdd9557781cd7c3829d74591b#rd,2023-09-07 12:27:09
11,<em>第一财经</em>百万粉丝真人大号“<em>财经</em>小师妹”等你加入,http://mp.weixin.qq.com/s?__biz=MjM5MTM3NTMwNA==&mid=2661330866&idx=2&sn=ea23c212ee952b1dc42a6d0f60876d8d&chksm=bde285158a950c03e47084bfc36b0a043fc8518a7da27d3714523683663460c1270747844dc3#rd,2023-09-04 22:32:42
12,学院派重塑商业世界 | <em>第一财经</em>品牌栏目《中国经营者》20年焕新计划重磅启动,http://mp.weixin.qq.com/s?__biz=MjM5MTM3NTMwNA==&mid=2661323181&idx=3&sn=999e4af320c6f208345731ae5911e187&chksm=bde2bb0a8a95321c42d320029c5b6c06bd79f61cbcedb8fbf28f38104703243fd05b4d6bc230#rd,2023-08-18 13:09:38
13,御光而行 耀动未来 | 2023<em>第一财经</em>夏日思享荟 ·城市追光跑点燃夏夜激情,http://mp.weixin.qq.com/s?__biz=MjM5MTM3NTMwNA==&mid=2661321205&idx=3&sn=69e3e1943068128d0bc94f204becb495&chksm=bde2a3528a952a44a766f66a7781b509620eec4d09c9b4b5f5a4c3ce6937ce46b2a390b9135d#rd,2023-08-12 21:15:41
14,重磅 | 8月15日，​2023陆家嘴投融资论坛暨<em>第一财经</em>股权投资论坛议程正式公布,http://mp.weixin.qq.com/s?__biz=MjM5MTM3NTMwNA==&mid=2661321116&idx=3&sn=4e489a82402c2bef7a5e46b5887fac57&chksm=bde2a33b8a952a2d616556074a7c0ecb1879c022d36ba6990045273336731d29775ea59ac539#rd,2023-08-12 13:02:18
15,新鲜出炉！<em>第一财经</em>“绿点中国·<em>第</em>二届可持续实践案例评选”提名名单公布,http://mp.weixin.qq.com/s?__biz=MjM5MTM3NTMwNA==&mid=2661319538&idx=3&sn=dc72651e6b20f66eb20449ba08232cd5&chksm=bde2a9d58a9520c321bfffd4266c5ac15ff97d7327d0737c0d505e39e7e5627f3d3a4f605af0#rd,2023-08-08 17:54:20
16,限时返场|<em>第一财经</em>20周年限定周边又又又来啦！,http://mp.weixin.qq.com/s?__biz=MjM5MTM3NTMwNA==&mid=2661319297&idx=3&sn=e28aabb85a259b96958df823a33e1022&chksm=bde2a8268a9521308792ac936a62c4bca3e2357096223be4fe5aeea4db2d49dc668b8b102c26#rd,2023-08-07 22:59:12
17,御光而行，耀动未来 | <em>第一财经</em>城市追光跑启动报名啦！,http://mp.weixin.qq.com/s?__biz=MjM5MTM3NTMwNA==&mid=2661318495&idx=3&sn=30ff72c8bc63b9d75c377261b75bebcf&chksm=bde255f88a95dceec37b3b9a0b074cd25f2acf9cfe898da1a506b6937c3fb6d1fd3f7cc6e991#rd,2023-08-04 23:50:00
18,<em>第一财经</em>招人啦！多个岗位等你来！,http://mp.weixin.qq.com/s?__biz=MjM5MTM3NTMwNA==&mid=2661317603&idx=2&sn=d5c50183789785326957f468cf39772d&chksm=bde251448a95d852ab6c40a6bd1a3b8d4c7a7632ca8e8c8c02d84b14718f63abc5b10ad447a5#rd,2023-08-02 23:53:19
19,最后7天 | 2023<em>第一财经</em>股权投资价值榜系列榜单调研即将结束,http://mp.weixin.qq.com/s?__biz=MjM5MTM3NTMwNA==&mid=2661314628&idx=3&sn=5fb9c33d6eee02566314b6b63d2e9286&chksm=bde25ae38a95d3f5468e188fe06f4272c4a6b64f687d4195d7d09c7039ac7d590395ea053d00#rd,2023-07-26 20:21:53
20,两件作品入围！快来为<em>第一财经</em>“打call”！,http://mp.weixin.qq.com/s?__biz=MjM5MTM3NTMwNA==&mid=2661314438&idx=2&sn=c13a1a8c3e5e7c84e0d9c8504be1651f&chksm=bde245218a95cc373541aee7dd4a4e508355be09bf0820a4b6620eb5e7b48d0f51fd549cedb0#rd,2023-07-26 16:44:26
21,仁商•韧性与共生丨2023<em>第一财经</em>•中国企业社会责任榜正式启动,http://mp.weixin.qq.com/s?__biz=MjM5MTM3NTMwNA==&mid=2661314261&idx=5&sn=c4351f9a8d7982e5abd83b0565e4cb78&chksm=bde244728a95cd642c9b57ab2cf31834c3558cdffa17391bbd1ca38799b9a27e3ba1fb00030a#rd,2023-07-25 23:29:34
22,<em>第一财经</em>招人啦！运营、编辑、主创、商务、实习生，多个岗位等你来！,http://mp.weixin.qq.com/s?__biz=MjM5MTM3NTMwNA==&mid=2661312398&idx=2&sn=94b213c8ad7c473c887b7841baf30bbc&chksm=bde24d298a95c43f0f57244bd958d88edfdf254902bff04fcab3008481062bb85e63e58d9c7f#rd,2023-07-20 21:40:40
23,新时代下的公益新探索——上海<em>第一财经</em>公益基金会十周年暨公益合作发展论坛举办,http://mp.weixin.qq.com/s?__biz=MjM5MTM3NTMwNA==&mid=2661312061&idx=3&sn=dc184b155e4cf2f8b66a704a171fed4f&chksm=bde24c9a8a95c58ca81ba962d5fcb906be560759afa84eba7da6b165a847ae281484069bf447#rd,2023-07-19 23:25:42
24,21天养成<em>一</em>个好习惯，<em>第一财经</em>20周年打卡活动启航<em>第</em>二季火热来袭！,http://mp.weixin.qq.com/s?__biz=MjM5MTM3NTMwNA==&mid=2661312050&idx=2&sn=f13fd4c971dd4bd1df462d4a69eadd69&chksm=bde24c958a95c58308e6d6d5f261de2bd007ee89fc0111f164bb6cb73040cd742d6d4eb8633a#rd,2023-07-19 22:54:51
25,绝了！<em>第一财经</em>20周年伴手礼爆了！,http://mp.weixin.qq.com/s?__biz=MjM5MTM3NTMwNA==&mid=2661309337&idx=2&sn=cc0914127cdb5a5f648bc37dc42088cc&chksm=bde2713e8a95f828a7d254ac0acf34337bfcb13203a9d2ab5c977e12d2b70ac238a64b0b1cf5#rd,2023-07-11 19:58:16
26,<em>第一财经</em>如何深耕<em>财经</em>领域二十年？音像资料馆城市记录给出答案,http://mp.weixin.qq.com/s?__biz=MjM5MTM3NTMwNA==&mid=2661308373&idx=2&sn=f5c68b6a3054992c0e5d2834a1e160f8&chksm=bde27d728a95f464a965ef07544656cbbca527c96a008ccb68b6c7286a0d868e60395f283832#rd,2023-07-09 16:35:10
27,Z世代<em>一</em>财关注Z世代他们｜<em>第一财经</em>《科创Z世代》上线,http://mp.weixin.qq.com/s?__biz=MjM5MTM3NTMwNA==&mid=2661308337&idx=2&sn=ca2c05dd4276167b17075fd0f487d43d&chksm=bde27d168a95f40079919157a9d97300ced51150866c1afdf3c54cf637d43f368fe414275fff#rd,2023-07-09 13:00:33
28,坚守专业 共创价值 | <em>第一财经</em>举办成立20周年大会,http://mp.weixin.qq.com/s?__biz=MjM5MTM3NTMwNA==&mid=2661308064&idx=3&sn=f77a4b9317e8dfd171fd3d7d754dc1b2&chksm=bde27c078a95f511d19a05af5bea30512198f8e7a2b20a69198c684562d55cddcedd62e862a7#rd,2023-07-07 23:35:54
29,<em>第一财经</em>入选<em>第</em>三届中国报业深度融合发展创新案例,http://mp.weixin.qq.com/s?__biz=MjM5MTM3NTMwNA==&mid=2661304753&idx=4&sn=943b6780cc54ad941004a3d1dd9c3d58&chksm=bde263168a95ea002793263f8b27c7f2e41e3fb6eef93d9e6059d4545a5b3d7db733451b7055#rd,2023-06-29 21:14:46
30,共话新发展 携手向未来 | “2023北外滩国际航运论坛•高端访谈”在<em>第一财经</em>启播,http://mp.weixin.qq.com/s?__biz=MjM5MTM3NTMwNA==&mid=2661304699&idx=3&sn=d737616fba69f307399f667f7c3c114b&chksm=bde263dc8a95eaca113425e9f77f3e4b10d312cb0a30f4aa79f87d179769789e605b7a615096#rd,2023-06-29 19:24:48
31,<em>第</em>六届“<em>第一财经</em>•RFP理财精英评选”新闻发布会在上海隆重召开,http://mp.weixin.qq.com/s?__biz=MjM5MTM3NTMwNA==&mid=2661301383&idx=2&sn=419c942733e3bbeb46923177d025dada&chksm=bde216208a959f36f24dfc021933b79553a73c393db021726b7b6a17efa2e14ef0ac4d5fb6d7#rd,2023-06-20 20:11:13
32,阿里前副总裁加入<em>第一财经</em>当院长！入职<em>第一</em>天他说了啥？,http://mp.weixin.qq.com/s?__biz=MjM5MTM3NTMwNA==&mid=2661298151&idx=1&sn=deba25ad95730355273ea4057265b57f&chksm=bde205408a958c56d5a25ecf9ce7ae77f71eb905580762c56ace405ca795bbc5e5d3f8051324#rd,2023-06-12 17:00:21
33,布局企业知识服务赛道，<em>第一财经</em>“<em>一</em>财商学院”今日成立,http://mp.weixin.qq.com/s?__biz=MjM5MTM3NTMwNA==&mid=2661295974&idx=1&sn=3e8cd0298be12e55f5d0b37a95e5e3df&chksm=bde20dc18a9584d766928b106a47a907ef3e7493ae30fea0483ece98621d9cc2bf61e2a7f51f#rd,2023-06-06 20:22:09
34,<em>第一财经</em>@你！<em>一</em>场21天的阅读挑战，你敢不敢参与？,http://mp.weixin.qq.com/s?__biz=MjM5MTM3NTMwNA==&mid=2661294538&idx=1&sn=cab331efa200652d7fb0e6d41f74d0b0&chksm=bde20b6d8a95827bab33018f962c4a1fa307259d35d687a35073442e760b8f615e4dfec748eb#rd,2023-06-01 18:11:27
35,谁在卡位动力电池创新时代——<em>第一财经</em>《2023年度动力电池创新全景报告》发布,http://mp.weixin.qq.com/s?__biz=MjM5MTM3NTMwNA==&mid=2661293527&idx=3&sn=17605fa2b917f981ec7904178e602336&chksm=bde237708a95be660adddc20bae8aff5b2beedcbfd38ae539cf360aca29256bedbe1acd1f41d#rd,2023-05-30 17:34:35
36,"没在过5.20的朋友们，

来聊聊你对<em>第一财经</em>最深刻的印象是什么吧？",http://mp.weixin.qq.com/s?__biz=MjM5MTM3NTMwNA==&mid=2661290037&idx=1&sn=fd01e2313e47829aa170fa009c0c2964&chksm=bde23a928a95b384861b5d510fc028c6c4e39dd835897039e9f9467a01ac49bea43fa39ed4fc#rd,2023-05-20 22:36:49
37,<em>第一财经</em>成功入选“2021-2022年度国家文化出口重点企业”,http://mp.weixin.qq.com/s?__biz=MjM5MTM3NTMwNA==&mid=2661288125&idx=3&sn=67b69c816e103f7215e43e5174616ede&chksm=bde2221a8a95ab0c24878c37bb73b5b7c89bc2c9a2ad69c756189df88b21ff13f55592406e42#rd,2023-05-16 20:14:18
38,<em>第一财经</em>参与承办首届上海网络视听内容创作者大会,http://mp.weixin.qq.com/s?__biz=MjM5MTM3NTMwNA==&mid=2661286616&idx=3&sn=3002b15d73ea5105d80ce5558823194c&chksm=bde2287f8a95a1698fb6d6af81e007e5952d187fbb3a2aa3ca39144d65ed06fb29524d35d75f#rd,2023-05-12 12:38:34
39,时间的力量 | 2023<em>第一财经</em>价值投资论坛重磅开启,http://mp.weixin.qq.com/s?__biz=MjM5MTM3NTMwNA==&mid=2661284384&idx=4&sn=ed942e1bc86cd7ff2e917aab242e0ec9&chksm=bdddd0878aaa5991ac0394ee5394f2f6153fc4caaa6749a55ce5b63884ffefd7011fca4c2695#rd,2023-05-06 22:02:43
40,2023<em>第一财经</em>价值投资论坛、巴菲特股东大会特别节目5月6日重磅开启！,http://mp.weixin.qq.com/s?__biz=MjM5MTM3NTMwNA==&mid=2661284058&idx=3&sn=91a66f77037207eb3ee4676e3720d059&chksm=bdddd27d8aaa5b6bb10b98191595af1640dda6b6b34902be2a7a6158102af133bc2087e350b1#rd,2023-05-05 18:22:31
41,学员招募丨<em>第一财经</em>“ESG”媒体人工作坊,http://mp.weixin.qq.com/s?__biz=MjM5MTM3NTMwNA==&mid=2661283937&idx=4&sn=f406da4d6b9a4e59fd61a66beed9a6d2&chksm=bdddd2c68aaa5bd07ed6984f68766309d052190cb58018196aa5004fbdd56e11474723a54955#rd,2023-05-05 14:24:32
42,<em>第一财经</em>2023“绿点中国•年度案例评选”正式启动,http://mp.weixin.qq.com/s?__biz=MjM5MTM3NTMwNA==&mid=2661283558&idx=4&sn=f2652b5748cf49787e57c84ec8df36ee&chksm=bddddc418aaa5557893af95540d9d9755e0304aeaab6221005f3bae764eb17bec2da40290477#rd,2023-05-04 14:14:46
43,报名 | 2023<em>第一财经</em>价值投资论坛,http://mp.weixin.qq.com/s?__biz=MjM5MTM3NTMwNA==&mid=2661283310&idx=5&sn=4389fe80c576ab4cca4ba93c701e9feb&chksm=bddddf498aaa565f7b4099bc6a74011bef5761d39d623b4fac0604d3b836da4d1cf34e35c479#rd,2023-05-03 18:56:52
44,追光2023巴菲特股东大会，九方财富携手<em>第一财经</em>全程直击,http://mp.weixin.qq.com/s?__biz=MjM5MTM3NTMwNA==&mid=2661282067&idx=2&sn=37c102c8a5f11b124a7b58b43a156f2c&chksm=bddddbb48aaa52a2bb76d420341a57959711033bb360c26502d783d9a532f8ad4740049c7238#rd,2023-04-27 13:57:21
45,拓宽多元化内容场景，<em>第一财经</em>发出“博鳌声音”,http://mp.weixin.qq.com/s?__biz=MjM5MTM3NTMwNA==&mid=2661272417&idx=6&sn=d10a7e6cf48e04d2e03e5bfeced23c41&chksm=bddde1c68aaa68d0856c82fa9f8ee183e06579fced9904e0ccb1d50a531011e553bdcaaa934e#rd,2023-03-31 22:07:01
46,探寻企业家精神内核，<em>第一财经</em>春分献映《春夏秋冬又<em>一</em>春》,http://mp.weixin.qq.com/s?__biz=MjM5MTM3NTMwNA==&mid=2661268562&idx=3&sn=12da4d77ec025a003fb966aa4e2ba9b0&chksm=bddd96f58aaa1fe3462cd364011538057a2ac00314d9f5d2874d5fb97871ab8e170d0d00659d#rd,2023-03-21 20:11:30
47,遇见挑战 拥抱机遇 “2023<em>第一财经</em>产业投资榜”正式颁布！,http://mp.weixin.qq.com/s?__biz=MjM5MTM3NTMwNA==&mid=2661262398&idx=5&sn=a94784b47955808d8b929a785e0fda7a&chksm=bddd8e998aaa078f450db88288d27059d6be9614394779d4851289ea41ab06acc994068835e3#rd,2023-03-02 22:31:25
48,<em>第一财经</em>多个项目入选2022年上海市“中华文化走出去”专项扶持资金和“银鸽奖”,http://mp.weixin.qq.com/s?__biz=MjM5MTM3NTMwNA==&mid=2661261536&idx=5&sn=3ca4970601420832f87563d0ee536f1f&chksm=bddd8a478aaa0351088c4df0a6cc4a4be755a4d61feb0e0c60d0b87ecb453a031d88a5e4a686#rd,2023-02-28 21:03:16
,title,link,create_time
0,Yiwealth联合<em>第一财经</em>发布金融业首份《金融机构社交媒体及APP数字化运营报告》,http://mp.weixin.qq.com/s?__biz=MjM5MTM3NTMwNA==&mid=2661257943&idx=5&sn=ce3da93b3719a630efac2f2a31f815b1&chksm=bdddb8708aaa31666b2d713a1fa40190414bc1c7bc1fbe31bade4b3d1ac9b6295aee96c27eef#rd,2023-02-16 19:03:11
1,<em>第一财经</em>入选2022年度上海市优质大数据服务供应商目录,http://mp.weixin.qq.com/s?__biz=MjM5MTM3NTMwNA==&mid=2661255443&idx=6&sn=39f62dd1297623f0d66b0c12843822d0&chksm=bddda3b48aaa2aa2907ea5707fcedb2516d00da002e1b7abfbb52ca386f5d961076658748ec3#rd,2023-02-08 17:01:13
2,<em>第一财经</em>与联合国机构联手，共同探讨海洋塑料危机解决之道,http://mp.weixin.qq.com/s?__biz=MjM5MTM3NTMwNA==&mid=2661253792&idx=5&sn=22e8dbcc10689a70651a0d1bed38e0c8&chksm=bddda8078aaa2111c17876c36faf67c99ede331653054b3238bbab48f6cef0d87f170ff86f4a#rd,2023-02-01 21:26:36
3,<em>第一财经</em>红包封面来了！免费领，手慢无！,http://mp.weixin.qq.com/s?__biz=MjM5MTM3NTMwNA==&mid=2661252255&idx=1&sn=982d84a97e09a3a5e6664d2af17c77a3&chksm=bddd56388aaadf2e16b1689c3b7db0c55dcb23b4570a35caf01ec74e15ef7463876fd5c9630e#rd,2023-01-21 12:00:00
4,<em>第一财经</em>研究院《2022年人民币汇率年报：人民币汇率开启新周期》发布！,http://mp.weixin.qq.com/s?__biz=MjM5MTM3NTMwNA==&mid=2661252136&idx=5&sn=bc2af9682c4d742d81fdb2514b9a2fb5&chksm=bddd568f8aaadf99f8ecd1b2646477ad096c1679bf9ca79a18d6546935b5a99c30e09fc27a93#rd,2023-01-20 14:39:14
5,2022年数字阅读影响力期刊TOP100发布，《<em>第一财经</em>》杂志蝉联国内<em>财经</em>类媒体<em>第一</em>,http://mp.weixin.qq.com/s?__biz=MjM5MTM3NTMwNA==&mid=2661251164&idx=5&sn=56341bd1efdc4dcdddc5a19bb40b8471&chksm=bddd52fb8aaadbed8855c1346ce52aa0215fdbe534679e0d6ce5cb051018355e46743216db3d#rd,2023-01-17 17:30:14
6,<em>第一财经</em>举办亚洲金融论坛分论坛，聚焦“数字人民币加速跑”,http://mp.weixin.qq.com/s?__biz=MjM5MTM3NTMwNA==&mid=2661250080&idx=5&sn=de9f6396cac13cb51cfe58110f3cd12a&chksm=bddd5e878aaad79101823b57717261ff687c86d6303c16f1a5c6ebfb848e20121d1ea7c459f7#rd,2023-01-13 22:49:44
7,<em>第一财经</em>推出跨年特别策划《2022-2023：挥别与重启》,http://mp.weixin.qq.com/s?__biz=MjM5MTM3NTMwNA==&mid=2661247319&idx=6&sn=4fc3c784501e8c550e9bc18bcbf47e64&chksm=bddd43f08aaacae63ad263fb59f3b2160568fdc472e9d73d2755173e590b81e9a26378e681fe#rd,2023-01-04 22:16:09
8,2022年度热词｜<em>第一财经</em>杨宇东：高质量,http://mp.weixin.qq.com/s?__biz=MjM5MTM3NTMwNA==&mid=2661246853&idx=2&sn=6ef42626571b92f9360aba37903fd7a5&chksm=bddd4d228aaac434107d55a15041130d95b085f1baa706e54a2d6f7afe4dcb4a052786cb84fa#rd,2023-01-03 16:47:40
9,《小狮子，大时代——2022年度<em>第一财经</em>上市企业成长趋势白皮书》重磅发布,http://mp.weixin.qq.com/s?__biz=MjM5MTM3NTMwNA==&mid=2661246547&idx=2&sn=ca0ec47b17a58054385b43b6e3874508&chksm=bddd4cf48aaac5e2f37e1841186d245b47351a808c96c329b770f6e8895d9a3cc8d954da1996#rd,2023-01-01 12:17:54
10,拨开历史的风尘——<em>第一财经</em>2023新年致读者,http://mp.weixin.qq.com/s?__biz=MjM5MTM3NTMwNA==&mid=2661246479&idx=1&sn=83d0875bd2dc5f8ee029b717cca37bf5&chksm=bddd4ca88aaac5befac1e7518bff50cad8b92a9edeeba2a7cbc9ae1cd09f6c5512c504219971#rd,2022-12-31 18:00:18
11,<em>第一财经</em>研究院《2022中国企业社会责任研究报告：内生的力量》发布！,http://mp.weixin.qq.com/s?__biz=MjM5MTM3NTMwNA==&mid=2661245864&idx=2&sn=b9f716c2a4a3340166e3b093a964ea49&chksm=bddd490f8aaac0195ff4ad91c9e467b34dab9804a795ba4172352de64a7dace38a27842d417f#rd,2022-12-29 21:55:07
12,2022<em>第一财经</em>·中国企业社会责任榜荣耀揭晓！,http://mp.weixin.qq.com/s?__biz=MjM5MTM3NTMwNA==&mid=2661245864&idx=1&sn=3268ea64dc0c0a5d4dba59e9ea45516e&chksm=bddd490f8aaac0198575487a2307e9e46eb095fcea37a8b9e35f2ccbdc7092c9c0d32d8c2189#rd,2022-12-29 21:55:07
13,<em>第一财经</em>记者实地探访：如家精选酒店全面升级,http://mp.weixin.qq.com/s?__biz=MjM5MTM3NTMwNA==&mid=2661245831&idx=1&sn=58cef1e2be20cd14a9fa637df6fb8113&chksm=bddd49208aaac03653cc3cb3daf8afd4f593552784e20acd004fd8b3fece7fc56d115efb855c#rd,2022-12-29 20:54:15
14,商业共益·社会创新 2022<em>第一财经</em>善商业论坛正式举行,http://mp.weixin.qq.com/s?__biz=MjM5MTM3NTMwNA==&mid=2661245327&idx=5&sn=d0c3ec7bfbce8015aefda9d8eb2d05d3&chksm=bddd4b288aaac23e7a41c1338baeb30531318f1966a175c67e2996f572e202811d26ed97572f#rd,2022-12-28 21:30:02
15,【预告】12月28日，2022<em>第一财经</em>•CSR年度盛典即将精彩呈现,http://mp.weixin.qq.com/s?__biz=MjM5MTM3NTMwNA==&mid=2661244461&idx=6&sn=51625fe6de933b70ca865e91c1ec2df5&chksm=bddd748a8aaafd9cd8af62b6b7fb48eff8ea83ee8fc22ce69190d20d84e65adee5ec4ff1a9fd#rd,2022-12-26 17:34:10
16,​不确定时代，品牌才是确定性 | 巨量引擎 X<em>第一财经</em>,http://mp.weixin.qq.com/s?__biz=MjM5MTM3NTMwNA==&mid=2661244461&idx=1&sn=a8560b9aec8cd8e3ebcff88fd7abcd40&chksm=bddd748a8aaafd9cd4deb3c78432baf78fd8eadadd91aa9e3f446388c00f4cc197b756443cbd#rd,2022-12-26 17:34:10
17,记录2022，推动2023：<em>第一财经</em>十大年度热词揭晓,http://mp.weixin.qq.com/s?__biz=MjM5MTM3NTMwNA==&mid=2661243856&idx=2&sn=9558182723ef62d3a7e40c24f87e63b3&chksm=bddd71778aaaf86100adb370992b3651a7e79ba75db2f5d6ce51decc4d4f27dd24cd2e3e5121#rd,2022-12-23 21:22:57
18,信飞科技入选2022<em>第一财经</em>金融价值榜 荣膺“最佳金融数字化创新科技公司”,http://mp.weixin.qq.com/s?__biz=MjM5MTM3NTMwNA==&mid=2661243452&idx=2&sn=faa5f3dbfd2a4f6f2512c0ad8790942b&chksm=bddd709b8aaaf98d507c6ea66c9830ea470e3504d698df9a5ed706ea81d998efa5f2642393e7#rd,2022-12-22 17:22:34
19,记录2022，你会想到哪个词？<em>第一财经</em>解读天团，带你揭晓十大年度热词,http://mp.weixin.qq.com/s?__biz=MjM5MTM3NTMwNA==&mid=2661243241&idx=2&sn=ebef153d538b175dfe870c1cb71197d8&chksm=bddd73ce8aaafad8be36da7c8f6904c153a2f42b8280df7ad006c74ab156eff13e55aa19e292#rd,2022-12-21 22:08:29
20,<em>第一财经</em>年度巨献跨年峰会季 即将C位登场,http://mp.weixin.qq.com/s?__biz=MjM5MTM3NTMwNA==&mid=2661243138&idx=5&sn=803f291d2c12229d96f463f337c62420&chksm=bddd73a58aaafab3b2f5fceaea91c933aa58f36ab67cc3a178d414dabc532a85108de09a4acc#rd,2022-12-21 17:33:20
21,预告 | <em>第一财经</em>X国泰君安 高质量发展中的财富管理新机遇,http://mp.weixin.qq.com/s?__biz=MjM5MTM3NTMwNA==&mid=2661234317&idx=2&sn=adb8036884904531f411e3e12f3ac71b&chksm=bddd1c2a8aaa953c8295cf715ebe3c17405e112b071bdd59275f6128a7b4ef2353b968d5b5a2#rd,2022-11-28 08:15:27
22,<em>财经</em>世界，就地起范儿！2022金投赏创意节<em>第一财经</em>专场举行,http://mp.weixin.qq.com/s?__biz=MjM5MTM3NTMwNA==&mid=2661233804&idx=6&sn=1062f52a0a88e1ff13f1fbe20173e5f6&chksm=bddd1e2b8aaa973d14e42dd2133d70bc9ea950c6e0ac89ef43dfc29ff7f32d6cf5763ebc5ca8#rd,2022-11-27 22:09:21
23,预告 | <em>第一财经</em>X国泰君安 高质量发展中的财富管理新机遇,http://mp.weixin.qq.com/s?__biz=MjM5MTM3NTMwNA==&mid=2661232243&idx=2&sn=26774342e3ad185281d1f420ee7150e7&chksm=bddd04d48aaa8dc2913b28120c4053d7db483903844c9868e30c09889bc743e2c16b052645a2#rd,2022-11-27 14:00:03
24,2022<em>第一财经</em>年终聚惠现已开启！,http://mp.weixin.qq.com/s?__biz=MjM5MTM3NTMwNA==&mid=2661229963&idx=4&sn=8d44d0592d53af587a7b0d2f281aa739&chksm=bddd0f2c8aaa863a2a9bee3970ef871b78eb8dffc46835905e3b6a793173d4d7216c5556e40b#rd,2022-11-22 16:36:22
25,<em>第一财经</em>与渣打银行联合发布《中小企业创新新引擎》白皮书,http://mp.weixin.qq.com/s?__biz=MjM5MTM3NTMwNA==&mid=2661228875&idx=1&sn=9a09e46561e3f3d7893037b99c3d3bfe&chksm=bddd0bec8aaa82fac75554620f8ad9ae5c85e799ddc545d927731d0af82cd07c9137da9215d3#rd,2022-11-16 17:31:28
26,<em>第</em>五届“未来商业秀”闭幕，<em>第一财经</em>首届 “绿点中国2022年度案例”发布,http://mp.weixin.qq.com/s?__biz=MjM5MTM3NTMwNA==&mid=2661226840&idx=2&sn=078b754944e1dde781b9dd07fd09be72&chksm=bddd33ff8aaabae9b0b7f2b768c1c5ba4380ecea210b72046e333b396364a605d7d4e72b25f9#rd,2022-11-03 20:21:53
27,向绿而生｜《<em>第一财经</em>》YiMagazine举办<em>第</em>五届“未来商业秀”首日共谈品牌韧性,http://mp.weixin.qq.com/s?__biz=MjM5MTM3NTMwNA==&mid=2661225365&idx=5&sn=5a0776d7c0e5421e8a9db3015b6b2730&chksm=bddd39328aaab02446db262ec74c25e99827b0d12620b739c522f429c64e831260406cdd192f#rd,2022-10-29 19:33:24
28,上海<em>第一财经</em>公益基金会新公益战略,http://mp.weixin.qq.com/s?__biz=MjM5MTM3NTMwNA==&mid=2661224590&idx=5&sn=872423d757762c94f91925714ba82872&chksm=bddd3a298aaab33f75bf345c819f8ab744ad9d41789705d2db1bf84ea8cbd07a52fb946da7c1#rd,2022-10-26 21:53:23
29,<em>第一财经</em>联合渣打银行共同启动《中小企业创新新引擎白皮书》,http://mp.weixin.qq.com/s?__biz=MjM5MTM3NTMwNA==&mid=2661219910&idx=1&sn=2fb1d93e7fc58dc44512dae13b830d2f&chksm=bddcd4e18aab5df76b091a08a9d9a59002d9059255a4e229da9ef3e7de8b1e02923185ff98c4#rd,2022-09-30 18:50:27
30,<em>第一财经</em>、Yiwealth对话六位财富管理权威专家，共谋行业转型进阶最「新」解,http://mp.weixin.qq.com/s?__biz=MjM5MTM3NTMwNA==&mid=2661218040&idx=4&sn=c94c2fb14156bf058b62c2ade5b97c1f&chksm=bddcdc5f8aab5549c1bbd61c9c6d3221d7287d384bf7451eb457604a68bc994d565ad222cdf3#rd,2022-09-22 22:11:06
31,打造公益新“资”势 | 上海<em>第一财经</em>公益基金会新公益战略（2022-2026）正式启动,http://mp.weixin.qq.com/s?__biz=MjM5MTM3NTMwNA==&mid=2661217497&idx=5&sn=2935fb72f0e9899470d588d944341d1c&chksm=bddcde7e8aab5768802d77b90ac0fa6bd230f9ae8d0d220b0294be24b6da10eb7494f97034ab#rd,2022-09-21 08:53:58
32,<em>第一财经</em>与联合国全球契约组织达成加速器项目传播合作伙伴关系，支持项目首次落地中国,http://mp.weixin.qq.com/s?__biz=MjM5MTM3NTMwNA==&mid=2661215257&idx=5&sn=ec3705665883343f35d2031fc18300ac&chksm=bddcc6be8aab4fa840766f8194a03e4071f3c1feb293a5d721b5b06e28478a878a42a0aee701#rd,2022-09-14 17:30:08
33,<em>第一财经</em>·新<em>一</em>线城市研究所助力《上海市夜间经济空间布局和发展行动指引（2022-2025）》发布,http://mp.weixin.qq.com/s?__biz=MjM5MTM3NTMwNA==&mid=2661213390&idx=5&sn=fb226e01272bd99fe28a30243a1bae66&chksm=bddcce698aab477f7ab0eee9600d52429769f50dea9b0bbca2413a0e0861de201e411ea8ad71#rd,2022-09-07 17:21:28
34,<em>第一财经</em> x 新氧数据颜究院 2022年中国注射类医美行业分析报告,http://mp.weixin.qq.com/s?__biz=MjM5MTM3NTMwNA==&mid=2661205635&idx=2&sn=4295923548b7c24d43a3b3f72cde85ae&chksm=bddcec248aab65329ad1414055ea04b3aecf4e365590fcc53281a4ac3843f1a31ce258138b1a#rd,2022-08-18 08:40:14
35,可持续、高质量、新发展 | <em>第一财经</em>夏日思享荟正式上线,http://mp.weixin.qq.com/s?__biz=MjM5MTM3NTMwNA==&mid=2661204712&idx=6&sn=9b278dfb25920d844cb3076ce99e4419&chksm=bddce84f8aab61595fbc895b0d6e76290a8337f7bdca8bc50ce78fff91a0269f64abcce45fbb#rd,2022-08-15 21:56:48
36,杨宇东：三个关键词，洞察新未来 | <em>第一财经</em>夏日思享荟即将上线,http://mp.weixin.qq.com/s?__biz=MjM5MTM3NTMwNA==&mid=2661203824&idx=6&sn=fe5835c356ed5bca3fe402c650cc40c9&chksm=bddc95d78aab1cc10f75aff49d2ddf2b97640af688cb708aa8a973d7510b13abd18de6eed41b#rd,2022-08-12 18:05:04
37,倒计时！资本市场高质量发展论坛8月15日直播，<em>第一财经</em>夏日思想荟精彩启动,http://mp.weixin.qq.com/s?__biz=MjM5MTM3NTMwNA==&mid=2661203824&idx=2&sn=0013eb0ca570144c3b2301b1aeb1950d&chksm=bddc95d78aab1cc1005062d474e519191a7412114ad67b9ac3a8f629e1670cbc59678513ad53#rd,2022-08-12 18:05:04
38,给新消费“向真之问”的回答：<em>第一财经</em>、CBNData「2022中国新消费品牌增长活动季」,http://mp.weixin.qq.com/s?__biz=MjM5MTM3NTMwNA==&mid=2661203520&idx=5&sn=a40ed8137c877a342a04343b1c2fd19f&chksm=bddc94e78aab1df1d0073970bb9e7d12fe7515dbba8d1250a189802b4e965fe403f51669adee#rd,2022-08-11 21:44:50
39,邀全球海空大咖 共话行业新发展 | “北外滩国际航运论坛·高端访谈”在<em>第一财经</em>启播,http://mp.weixin.qq.com/s?__biz=MjM5MTM3NTMwNA==&mid=2661196117&idx=5&sn=a24c3a2742a151a36ed49d9c019c5a47&chksm=bddc8bf28aab02e4c414f08182dea93a0665a44c12236ca9cf13483cd6472b5f3c9ea73957fe#rd,2022-07-25 17:25:09
40,仁商•可持续创新力丨2022<em>第一财经</em>•中国企业社会责任榜正式启动,http://mp.weixin.qq.com/s?__biz=MjM5MTM3NTMwNA==&mid=2661191433&idx=2&sn=c9cb0e39d7adc296134bffd3644a679e&chksm=bddca5ae8aab2cb82efcb828f3622483bafc88153f8001da07e0905b93329c81d5ec2b51f6b0#rd,2022-07-13 21:25:13
41,美力引领未来 | 丝芙兰 × <em>第一财经</em>中国高端美妆白皮书调研问卷,http://mp.weixin.qq.com/s?__biz=MjM5MTM3NTMwNA==&mid=2661185726&idx=2&sn=acce055c043db8d34c40692f1168adf2&chksm=bddc52198aabdb0fb986f91cd77f081f7e39ae82609ea3d41f0ffd890db47ed28cabb62d1158#rd,2022-06-30 19:18:26
42,低至2.8元/月，《<em>第一财经</em>》杂志优惠末班车,http://mp.weixin.qq.com/s?__biz=MjM5MTM3NTMwNA==&mid=2661185138&idx=5&sn=a50b56a53669809b35eaaf529172340a&chksm=bddc5cd58aabd5c31f2b7943b67a91bc3df399fedd51cba9fa3afca61b649c65e3d7eba839e6#rd,2022-06-29 17:39:52
43,聚焦跨国公司数智变革之路 | <em>第</em>三届跨国公司领导人青岛峰会<em>第一财经</em>高峰对话举行,http://mp.weixin.qq.com/s?__biz=MjM5MTM3NTMwNA==&mid=2661182119&idx=7&sn=d57c54e41306c6b10bb0090b43acbb97&chksm=bddc40008aabc916221f0e2eedb8a31800e4afd0b2b5dd7990fb6d014071491bf47ef7d5d55c#rd,2022-06-21 20:21:11
44,<em>第一财经</em>《绿点计划•首届可持续实践案例评选》正式启动,http://mp.weixin.qq.com/s?__biz=MjM5MTM3NTMwNA==&mid=2661178084&idx=3&sn=64893e0f26f3f68e31044b404bfd04c4&chksm=bddc70438aabf955ea89fc20a63bb7950282aa1337cea7ba965731b9ce49e9e4ceb44d029ce0#rd,2022-06-10 13:23:07
45,责任创造价值丨<em>第一财经</em>可持续频道上线,http://mp.weixin.qq.com/s?__biz=MjM5MTM3NTMwNA==&mid=2661175940&idx=2&sn=5033a905edbbcf0c515cfbe9aa3e397a&chksm=bddc78238aabf135070ad74da9a2a955bf3fd3dab31b41475b4f8c297b2848b3c9828f369f70#rd,2022-06-05 11:35:42
46,上海<em>第一财经</em>传媒有限公司严正声明,http://mp.weixin.qq.com/s?__biz=MjM5MTM3NTMwNA==&mid=2661175877&idx=2&sn=35feb0ca59c259979f4ec788ca88451a&chksm=bddc78e28aabf1f4900030ba95939effdbffb21779056d5add367f288b9ce74d280f0ea52b3c#rd,2022-06-04 21:58:41
47,<em>第一财经</em>YiMagazine获得亚洲媒体奖“最佳杂志封面设计”金奖,http://mp.weixin.qq.com/s?__biz=MjM5MTM3NTMwNA==&mid=2661174463&idx=5&sn=7433bb19c21a76aba903eaae788cb509&chksm=bddc66188aabef0e1e7428b9e95cd78d0519ee366b732b02d64d3ad5b0bebc6508e4fe9b6598#rd,2022-05-31 08:22:43
48,寻找“真”伯乐｜<em>第一财经</em>、CBNData共启2022中国新消费年度投资机构榜单评选,http://mp.weixin.qq.com/s?__biz=MjM5MTM3NTMwNA==&mid=2661164993&idx=6&sn=5228eb2f519f4ca81c97894c5e845d50&chksm=bddc0d668aab847048242ea1be5e0ca2b559e8d493735e65899f0abfbb61ae83071bba15b4d7#rd,2022-04-30 12:56:49
49,查理·芒格对巴菲特的影响有多大，4月28日晚8点<em>第一财经</em>直播课邀您关注,http://mp.weixin.qq.com/s?__biz=MjM5MTM3NTMwNA==&mid=2661163768&idx=2&sn=eb88356982e4b0494f0e7c9d4a008143&chksm=bddc085f8aab81494b750eed5477f490663fd706ecc96f687d2a5b3b4b4c39cc9c61e88ec99c#rd,2022-04-27 17:31:52
,title,link,create_time
0,中信环境 x <em>第一财经</em>：投资绿色未来 共筑美好世界,http://mp.weixin.qq.com/s?__biz=MjM5MTM3NTMwNA==&mid=2661162132&idx=2&sn=a5acae6c6375ff2d1693b34959ac648c&chksm=bddc36338aabbf25ba4b8a006866f48ffbf2acd7497ce7994caf28e7d4a507bda3f517cb6a06#rd,2022-04-22 21:28:59
1,谁是“真”实力品牌？<em>第一财经</em>、CBNData共启2022中国新消费品牌增长力大调查,http://mp.weixin.qq.com/s?__biz=MjM5MTM3NTMwNA==&mid=2661161553&idx=5&sn=06156e2075f79db2508f9fa20fc769f8&chksm=bddc30f68aabb9e07bfe92cb2ba0e5db34a43dd2569a144fbd8bebade83b1246f9b0f16d1965#rd,2022-04-21 15:16:54
2,<em>第一财经</em>“2022全国两会特别报道”系列短视频登陆京港地铁,http://mp.weixin.qq.com/s?__biz=MjM5MTM3NTMwNA==&mid=2661148333&idx=4&sn=488b109c2eec4ad46ea8fb04b4f469d8&chksm=bddfcc0a8aa8451cca2ac3d1e02f9e2fb2802f25081106278e91561fbf7dc50147e02afc8800#rd,2022-03-11 22:00:39
3,<em>第一财经</em>小狮子俱乐部研讨会召开，共话上市企业增长确定性,http://mp.weixin.qq.com/s?__biz=MjM5MTM3NTMwNA==&mid=2661147004&idx=3&sn=3f96b565f53be0ee457f2068bf4a71b0&chksm=bddfcbdb8aa842cd02ee298b6105d27beb23bc8c41af30ab3d4dd058a2d44e1a1a89e4503e1a#rd,2022-03-08 18:39:22
4,<em>第一财经第</em>三波红包封面来了！免费领，手慢无！,http://mp.weixin.qq.com/s?__biz=MjM5MTM3NTMwNA==&mid=2661136729&idx=1&sn=f0fe0435b7f6c1940dc78c98abb6994d&chksm=bddf93fe8aa81ae869aa32e2c8968055c6d3e633f0ba0145a4e285490a7ad901d696cad8cd6a#rd,2022-01-31 15:07:35
5,<em>第一财经</em>研究院《2021人民币汇率年报》重磅发布！,http://mp.weixin.qq.com/s?__biz=MjM5MTM3NTMwNA==&mid=2661136286&idx=5&sn=0220ad5ecabfdd94b48b76d2040933bc&chksm=bddf9d398aa8142f54c9c3ccd03edf24d87a2b3b9805084a35f5e6079afb552d9cbabf1f845a#rd,2022-01-28 17:56:28
6,<em>第一财经</em>·中国平安《中国家庭财富[理]想指南》,http://mp.weixin.qq.com/s?__biz=MjM5MTM3NTMwNA==&mid=2661135145&idx=5&sn=630e8d3686b58c2aacf93575ea47352f&chksm=bddf998e8aa810983c72f6b39f4390df3302d9a574ee900ad0ecb7a10cfecd2b10b862766dec#rd,2022-01-25 21:46:58
7,<em>第一财经</em>·新<em>一</em>线城市研究所助力杭州文化和旅游数据在线平台正式上线公测,http://mp.weixin.qq.com/s?__biz=MjM5MTM3NTMwNA==&mid=2661134043&idx=5&sn=78bd3313b971ada0630e2323d343df2f&chksm=bddf847c8aa80d6a98256b0010094451ef9b1a19b729a90515a944a4e3a20d4f6ce63d034358#rd,2022-01-21 21:56:32
8,碳中和大时代 | <em>第</em>15届亚洲金融论坛•<em>第一财经</em>分论坛聚焦绿色金融与可持续发展,http://mp.weixin.qq.com/s?__biz=MjM5MTM3NTMwNA==&mid=2661130826&idx=5&sn=b7d54747a11103e6c915121e60656e0c&chksm=bddf88ed8aa801fb963084424c3240a51a362371db864b978f8c51285a83af25e29da96bec2b#rd,2022-01-11 08:27:09
9,既要又要！“95后年轻人过年「新」仪式感”趣味报告| <em>第一财经</em>x王老吉,http://mp.weixin.qq.com/s?__biz=MjM5MTM3NTMwNA==&mid=2661130587&idx=2&sn=f6b982bda2bd4350aaff3b84c35bc0dc&chksm=bddf8bfc8aa802ea25acd332b2ed06e8ae6ac9c70c077e3ebc3256866f6fc8e720f4b21afa9c#rd,2022-01-10 17:19:52
10,<em>第一财经第</em>二波红包封面来了！免费领，手慢无！,http://mp.weixin.qq.com/s?__biz=MjM5MTM3NTMwNA==&mid=2661128541&idx=4&sn=cc74e86574759c611c40a14ab3a150e2&chksm=bddfb3fa8aa83aecbadc8e76acc9d79125a8c1430d1a354f65db2b727fabfa3b7fb39d720c6f#rd,2022-01-02 21:00:06
11,<em>第一财经</em>红包封面来了！免费领，手慢无！,http://mp.weixin.qq.com/s?__biz=MjM5MTM3NTMwNA==&mid=2661128484&idx=2&sn=1599f61ac8aa7b001935b3523dd1f776&chksm=bddfb3838aa83a9573982f1f1c8c24a0690393b8086ef0e6bba361641d99e18e319d6533be95#rd,2022-01-01 21:35:22
12,探索乡村发展新动能，助力乡村现代化建设丨2021<em>第一财经</em>乡村振兴论坛,http://mp.weixin.qq.com/s?__biz=MjM5MTM3NTMwNA==&mid=2661128439&idx=1&sn=1dc7ca1d4217e89050c4018f7399ffce&chksm=bddfb2508aa83b461e61c6ac1b3d9e5a41924e69ec79f9ac06b610381d6aa1339d11f49dfebc#rd,2022-01-01 16:50:08
13,​【精英掠影】<em>第</em>五届<em>第一财经</em>·RFP理财精英评选获奖者风采,http://mp.weixin.qq.com/s?__biz=MjM5MTM3NTMwNA==&mid=2661128139&idx=2&sn=73cce086884f58770e9a4d1feb212ec5&chksm=bddfbd6c8aa8347acef5f846c1f2516cf2df01c5796f16c37912babc1228c790b9619a414034#rd,2021-12-31 08:36:01
14,140家媒体哪家强？<em>第一财经</em>入选“微信原创传播力指数”TOP10,http://mp.weixin.qq.com/s?__biz=MjM5MTM3NTMwNA==&mid=2661125542&idx=5&sn=ff39e4fda1dfcf184b23089c02089006&chksm=bddfa7018aa82e17e4939bac9d03f9314ee5bb497db5a904cfcf2d4efb12c91cbca5db8a1c9e#rd,2021-12-22 18:01:02
15,以创新之力，探高质量发展之道：<em>第一财经</em>2021创新力企业即将揭晓,http://mp.weixin.qq.com/s?__biz=MjM5MTM3NTMwNA==&mid=2661124863&idx=2&sn=6c6b354a6d82f73d302daa4c7abdc96f&chksm=bddfa0588aa8294e5b58114667ec9821e700683d2bc1e79f6b5ffbfb82a8599f7efd0616a403#rd,2021-12-20 19:53:26
16,关注可持续领导力 2021“<em>第一财经</em>·中国企业社会责任榜”系列活动圆满举行,http://mp.weixin.qq.com/s?__biz=MjM5MTM3NTMwNA==&mid=2661124282&idx=2&sn=ca7cbe42b5d6d066299a70502cc15662&chksm=bddfa21d8aa82b0b967528f32f0b6a5452beb106f7ea98538c4baa4be1dec8c3c223944806b3#rd,2021-12-18 20:41:31
17,关注可持续领导力，2021<em>第一财经</em>善商业论坛正式举行,http://mp.weixin.qq.com/s?__biz=MjM5MTM3NTMwNA==&mid=2661124160&idx=2&sn=c324590ab90828c92e1f2759d638a68d&chksm=bddfa2e78aa82bf16e4b602cfb6ca72e4f759360b53f53d509dabbef8e4bcb615bd27d882c60#rd,2021-12-17 22:04:38
18,翼支付荣获<em>第一财经</em>中国企业社会责任榜“ESG-共享价值贡献奖”,http://mp.weixin.qq.com/s?__biz=MjM5MTM3NTMwNA==&mid=2661124114&idx=5&sn=fc28114eb71ac85ae1bac5f440261db9&chksm=bddfa2b58aa82ba360c2690f48eebb2d8a96b657b2ac8ceaef40a3abd38ba5f52cf1ae1cd21c#rd,2021-12-17 18:32:29
19,<em>第</em>五届<em>第一财经</em>•RFP理财精英评选颁奖盛典线上举行 荣耀时刻 见证辉煌,http://mp.weixin.qq.com/s?__biz=MjM5MTM3NTMwNA==&mid=2661118159&idx=2&sn=1194f2978f4df8dde33c87c04f910eb5&chksm=bddf5a688aa8d37e98c2270aa41e40f05732268efe34a60ee78a0e61403fee90b8f5962fec42#rd,2021-11-27 20:36:21
20,7折抄底<em>第一财经</em>VIP产品，干货技术课程免费送！,http://mp.weixin.qq.com/s?__biz=MjM5MTM3NTMwNA==&mid=2661117123&idx=5&sn=137552a91304b28091e71c42d721e6ab&chksm=bddf46648aa8cf7275f3916ba8731b2fe91c76e01013210cccbcdf5333af6ecd5a0499a3f971#rd,2021-11-25 17:49:08
21,<em>第一财经</em>：用史上最多新闻奖迎接记者节,http://mp.weixin.qq.com/s?__biz=MjM5MTM3NTMwNA==&mid=2661111734&idx=5&sn=86e10a1e992ea6e85ebb1b1f59849b8e&chksm=bddf7d118aa8f4079a98f106dbed8c51ec9cb292903a5ab85d4a0ac87d897f5161deae4ac0a7#rd,2021-11-08 19:30:45
22,<em>第一财经</em>大健康消费趋势洞察报告,http://mp.weixin.qq.com/s?__biz=MjM5MTM3NTMwNA==&mid=2661106278&idx=5&sn=acebe09669c101ca37d0bcf86811ffec&chksm=bddf68c18aa8e1d7aa0c6c04a8339bfa7070a1f7d9e4383698509201225dbb53ba54af171063#rd,2021-10-25 17:41:32
23,中国银行、汇华理财联合<em>第一财经</em>发布《家庭理财白皮书》,http://mp.weixin.qq.com/s?__biz=MjM5MTM3NTMwNA==&mid=2661103606&idx=1&sn=4ec285ecf25eb4748b267f502ec54af8&chksm=bddf1d518aa894473544bf9d6a65d5b25eb72eeb3885d5d2b6ac0a7aa7b1d046301e36581431#rd,2021-10-15 19:50:58
24,<em>第一财经</em>X丝芙兰2021高端美妆白皮书,http://mp.weixin.qq.com/s?__biz=MjM5MTM3NTMwNA==&mid=2661103251&idx=1&sn=ea88400c066ba64d275ea7c46b6c75e7&chksm=bddf1c348aa895225b66fabe090ce031d797a1bf61635fe447d07e04000ffe69838981132f21#rd,2021-10-14 22:40:31
25,零 ∞ 可持续 | 2021金投赏创意节<em>第一财经</em>专场举行,http://mp.weixin.qq.com/s?__biz=MjM5MTM3NTMwNA==&mid=2661102893&idx=6&sn=084269e73f2fd83878e3014d90384e4f&chksm=bddf1f8a8aa8969cb08852ed2d83fb20e08864c25972b48780047ecdc5175c45539357a4eed2#rd,2021-10-13 22:37:22
26,抓住未来 | 《<em>第一财经</em>》YiMagazine举办<em>第</em>四届“未来商业秀”,http://mp.weixin.qq.com/s?__biz=MjM5MTM3NTMwNA==&mid=2661095302&idx=5&sn=e3d37efdd4eacec9fbe479202e41f753&chksm=bddf3d218aa8b43791e7476a5e340bd7f5a38afc403ab19f0e2e99c83d7dfa88c9f8cca09f89#rd,2021-09-28 18:12:25
27,仁商•可持续领导力丨2021<em>第一财经</em>•中国企业社会责任榜正式启动,http://mp.weixin.qq.com/s?__biz=MjM5MTM3NTMwNA==&mid=2661092498&idx=5&sn=27fdbdfba0b1ad9376cbee9f12be8fe4&chksm=bddf26358aa8af23e41c069fd36727fefc7283eff3e52939d877e48ab7b75adc60ea740b4b66#rd,2021-09-17 17:13:00
28,开票！ | 2021<em>第一财经</em>未来商业秀，你最喜欢的品牌都来了,http://mp.weixin.qq.com/s?__biz=MjM5MTM3NTMwNA==&mid=2661092498&idx=2&sn=be53e5abe3683fb041b9b1e43e64bc9e&chksm=bddf26358aa8af23ccd9cfb8c6fd38a4be231ba4e1d2fc096cebb7b8f40ac8f34448e5f2d97c#rd,2021-09-17 17:13:00
29,行知 X <em>第一财经</em> | 财富嘉年华序曲：新经济云峰会即将开启,http://mp.weixin.qq.com/s?__biz=MjM5MTM3NTMwNA==&mid=2661079447&idx=5&sn=7da6d4e8a619d0a883ae54599198a99c&chksm=bddef3308aa97a2639082ca1471f0762cea5bc29e996fb3e4f3352cce79adcecd56ca2200b66#rd,2021-08-08 19:22:22
30,未来的财富邀请函已发出 <em>第一财经</em>财富嘉年华8月开启,http://mp.weixin.qq.com/s?__biz=MjM5MTM3NTMwNA==&mid=2661079004&idx=6&sn=e79fc25522627fc7d68952176aab0349&chksm=bddefd7b8aa9746db354a557e85a5661875ea7150cd433093e16bb6e1a4594ebce45608ab9cc#rd,2021-08-06 17:31:17
31,<em>第一财经</em>云投教基地获评“上海市证券期货投资者教育基地”,http://mp.weixin.qq.com/s?__biz=MjM5MTM3NTMwNA==&mid=2661076459&idx=5&sn=ebdadfd03f28844bef3de53b58118935&chksm=bddee74c8aa96e5a1a2590f821bff21cb5b138e598ddafcc32841fb24a4003161d71a0e60ad7#rd,2021-07-30 17:16:39
32,“<em>第</em>五届<em>第一财经</em>•RFP理财精英评选”深圳赛区复赛圆满举行,http://mp.weixin.qq.com/s?__biz=MjM5MTM3NTMwNA==&mid=2661075969&idx=2&sn=36a65ca9f8e1dacfcca03bc27e16687b&chksm=bddee6a68aa96fb031919aa0dcf378a05e4907ae839fe70be80758a5136bb0b9fe5c5828bcec#rd,2021-07-29 16:52:28
33,破局与升级丨2021上海国际资产管理高峰论坛暨<em>第一财经</em>资管峰会即将举办,http://mp.weixin.qq.com/s?__biz=MjM5MTM3NTMwNA==&mid=2661075613&idx=5&sn=7158c647ddbfd1588391b899ed6c6aa9&chksm=bddee03a8aa9692cc038927d9a357303c35eeeeb77c1301f12b9a7afa3e7ed82454ca4f64570#rd,2021-07-28 18:09:46
34,<em>第</em>五届<em>第一财经</em>·RFP理财精英评选天津、青岛赛区复赛圆满举行,http://mp.weixin.qq.com/s?__biz=MjM5MTM3NTMwNA==&mid=2661073435&idx=2&sn=7c77f903077a49abcfbfb09faf4a5405&chksm=bddee8bc8aa961aa8a5b37cdfab30dfb9ab1078691cef1c556254ebc67568febe0748fd4ae00#rd,2021-07-22 17:27:11
35,学员招募丨<em>第一财经</em>“环境中国”媒体人培训： “零碳记者”培训计划（<em>第</em>二期）,http://mp.weixin.qq.com/s?__biz=MjM5MTM3NTMwNA==&mid=2661071731&idx=4&sn=3e6504dec73e3555ec11c3507520fa4b&chksm=bdde91d48aa918c2c904f5a9e4a0d917ad8b6af1c8fa337025f09d35afb2f7ea70ef5911373b#rd,2021-07-17 20:32:34
36,学员招募丨<em>第一财经</em>“责任中国”媒体人工作坊（<em>第</em>三期）,http://mp.weixin.qq.com/s?__biz=MjM5MTM3NTMwNA==&mid=2661071203&idx=2&sn=a855cde522836f06d9c7d089777d126c&chksm=bdde93c48aa91ad264525059ed49e6e803c2f1944122312c2d9c9a4a31f40a5c03ae4ec04f8f#rd,2021-07-16 08:44:30
37,<em>第</em>五届<em>第一财经</em>·RFP理财精英评选郑州、太原赛区复赛圆满举行,http://mp.weixin.qq.com/s?__biz=MjM5MTM3NTMwNA==&mid=2661070711&idx=2&sn=2cce93eba02d70b33431ae257e7d6a6a&chksm=bdde9dd08aa914c658f3b7308474c3bc8e0c593eb4b626df8abac2921b194f5badebd3ae4341#rd,2021-07-14 22:40:57
38,学员招募丨<em>第一财经</em>“责任中国”媒体人工作坊（<em>第</em>三期）,http://mp.weixin.qq.com/s?__biz=MjM5MTM3NTMwNA==&mid=2661070624&idx=2&sn=977a86754da65fe3104aeeaf82d3b1f0&chksm=bdde9d878aa914914ad1e0ec1429e36fde5c8938744ea4f8d0cfd5456e4b9ec32571fe677d36#rd,2021-07-14 19:02:59
39,直播马拉松 · AI嘉年华 | <em>第一财经</em>倾力打造WAIC4X24全程大放送,http://mp.weixin.qq.com/s?__biz=MjM5MTM3NTMwNA==&mid=2661069627&idx=1&sn=2f7ae580162d408a55622d75703292fa&chksm=bdde999c8aa9108a5ff7df222a526831fdaeb2fe35027dd3f523d6b3dba973e8503536880a4c#rd,2021-07-11 21:14:29
40,WAIC2021 <em>第一财经</em>全程大放送 | 精彩DAY 0 给你好看 <em>一</em>切——并不简单！,http://mp.weixin.qq.com/s?__biz=MjM5MTM3NTMwNA==&mid=2661068230&idx=5&sn=9fb3cfcf8e29e6f812f9d0fce68ce790&chksm=bdde87618aa90e772abff54644c4dee3567977dc1b5cb4d0f2ddb32d8b8b2d106c3892203587#rd,2021-07-08 09:11:02
41,重磅升级 <em>第一财经</em>倾力打造WAIC2021官方大直播 4*24小时全程大放送,http://mp.weixin.qq.com/s?__biz=MjM5MTM3NTMwNA==&mid=2661067701&idx=5&sn=bf5d804073d1b7efb882f23176e1dc19&chksm=bdde81128aa90804c8ab9db987d0352747234e77f8c04026f8ee2e509c46f29d822e38921949#rd,2021-07-06 23:10:25
42,“<em>第</em>五届<em>第一财经</em>•RFP理财精英评选”上海赛区复赛圆满举行,http://mp.weixin.qq.com/s?__biz=MjM5MTM3NTMwNA==&mid=2661065799&idx=2&sn=a8f5f5f92b560d8d5dec60557ce46035&chksm=bdde8ee08aa907f64549dd668cae639de0c1b351d752b586366615d2e0814830eb91c177689b#rd,2021-06-30 22:10:15
43,变革时代握先机 “2021<em>第一财经</em>·RFP理财精英评选”大唐财富专属赛区复赛圆满举办！,http://mp.weixin.qq.com/s?__biz=MjM5MTM3NTMwNA==&mid=2661064196&idx=2&sn=4059c3345cf8f2671a8d0b6c8f92a1e2&chksm=bddeb4a38aa93db52b86b6a64da8e24c012fd9d76524d6458ed6ed9171eef775922ca2fb637a#rd,2021-06-25 22:35:40
44,<em>第一财经</em>携手益盟股份 全面升级投资者教育服务平台“有看投+”,http://mp.weixin.qq.com/s?__biz=MjM5MTM3NTMwNA==&mid=2661062920&idx=6&sn=3171b22398d7483c7a6ee9ccfde92707&chksm=bddeb3af8aa93ab94f8c52571e60a1691ddbb507593d19abc15dea34025d56776af0252da460#rd,2021-06-22 17:20:03
45,<em>第一财经</em>《中国经营者》再推力作 大型<em>财经</em>专题片《奔跑吧，新零售》全新亮相,http://mp.weixin.qq.com/s?__biz=MjM5MTM3NTMwNA==&mid=2661051053&idx=5&sn=fc02fb50b847412604272b4355ce9303&chksm=bdde400a8aa9c91cf9b13a56843382c16a66a1a63e762312149f13a059ce4e7b080e57a4f67f#rd,2021-05-14 08:51:27
46,<em>第一财经</em>财智云重磅发布！打造金融机构财富管理业务增长新引擎,http://mp.weixin.qq.com/s?__biz=MjM5MTM3NTMwNA==&mid=2661046730&idx=2&sn=bf0c39ae6d8baa86dff1bd1e36c14214&chksm=bdde736d8aa9fa7bf8556df8e34580cc1a3b50825649d20a03dbdccf5bbfbaee789e1ef4219d#rd,2021-04-27 22:01:08
47,<em>第一财经</em>与新浪<em>财经</em>战略合作 共建优质<em>财经</em>内容生态,http://mp.weixin.qq.com/s?__biz=MjM5MTM3NTMwNA==&mid=2661044023&idx=6&sn=371099843d780853c45091dbc6e9eb08&chksm=bdde65908aa9ec866809ce8f49adb86e291e60a8b77dc40b6fd5b2a02167eb323a20b0ff412a#rd,2021-04-20 08:58:49
48,<em>第</em>五届<em>第一财经</em>•RFP理财精英评选4月17日盛大开启,http://mp.weixin.qq.com/s?__biz=MjM5MTM3NTMwNA==&mid=2661043676&idx=2&sn=bfa8e962723d7cbe348b207fd49ce32b&chksm=bdde677b8aa9ee6d4f4bf959b64c1de5f0f220036d0293c0fe514605cd122474b95dc3b7e012#rd,2021-04-19 08:48:58
,title,link,create_time
0,<em>第一财经</em>于上海咖啡文化周开幕式发布《上海咖啡消费指数》,http://mp.weixin.qq.com/s?__biz=MjM5MTM3NTMwNA==&mid=2661038055&idx=5&sn=c26f75a58b1d32aae411cf109d918fd9&chksm=bdde1d408aa99456cc86dbe745420cf2d4e89c0646f794e0ff87923ea985c0abc306ec2141b9#rd,2021-03-29 22:12:01
1,学员招募丨<em>第一财经</em>“环境中国”媒体人培训 “低碳记者“培训计划,http://mp.weixin.qq.com/s?__biz=MjM5MTM3NTMwNA==&mid=2661036268&idx=2&sn=fa647c10d076a603d273e985882b90e9&chksm=bdde1a4b8aa9935da7aee98a7f4cc1e98979a0229d81d6873e58ffaf2663e8be9ce654c5d4ab#rd,2021-03-24 17:51:58
2,<em>第一财经</em>获评<em>第</em>四届中国结核病防控报道年度影响力机构,http://mp.weixin.qq.com/s?__biz=MjM5MTM3NTMwNA==&mid=2661035745&idx=5&sn=bf2efe9fee2904f94bed0ab415909e69&chksm=bdde04468aa98d50c1844f14ec6e9e7d64d0e44906852f1232af9dc0b268f6d140c3ff2e2021#rd,2021-03-22 22:36:21
3,<em>第一财经</em>MCN上榜抖音2020年度机构榜单！,http://mp.weixin.qq.com/s?__biz=MjM5MTM3NTMwNA==&mid=2661031841&idx=3&sn=1342650c81d5c01c308c62a5e0e85f8b&chksm=bdde35068aa9bc10d204f2b4ee6ffc999959e7c4e6a5c25ae59ed65dadf2c9e09b03da786356#rd,2021-03-11 08:16:52
4,<em>第一财经</em>“数读两会”、“两会问道”系列短视频登陆京港地铁,http://mp.weixin.qq.com/s?__biz=MjM5MTM3NTMwNA==&mid=2661031686&idx=5&sn=6cdfe40bf1258df4af8835c7933bacc2&chksm=bdde35a18aa9bcb7e87b50dd6ff510229a5eca92262f1c4a8356b3e751e23a74b7163c4835eb#rd,2021-03-10 18:05:17
5,谁能真正跨越周期？<em>第一财经</em>、CBNData共同启动【2021中国新消费品牌增长力大调查】,http://mp.weixin.qq.com/s?__biz=MjM5MTM3NTMwNA==&mid=2661031331&idx=5&sn=01835c43337a564d12f19ee089180f25&chksm=bdde37048aa9be12c70398fe9f830193afa98655c98eda3e1e3b24a070a618ed8cc71648a439#rd,2021-03-09 18:12:15
6,她们，才是金融的“温度计” | <em>第一财经</em>联合中国平安发布“她金融”消费白皮书,http://mp.weixin.qq.com/s?__biz=MjM5MTM3NTMwNA==&mid=2661030960&idx=1&sn=5c2fbb4b480ca385b8aa99f033c72456&chksm=bdde36978aa9bf81d03114cb609974c35cacab7d762cb630921f3699899236c919212dadd333#rd,2021-03-08 17:38:49
7,叮！你有<em>一</em>套<em>第一财经</em>「城市主题红包封面」待查收,http://mp.weixin.qq.com/s?__biz=MjM5MTM3NTMwNA==&mid=2661006689&idx=1&sn=05cb5ce63145cf2564e5fbc00d5c89fb&chksm=bdd997c68aae1ed00c477b494724c995c3c912f341fdc6848c302c3a299e0c01929f867fc079#rd,2021-02-11 17:00:00
8,写春联还能赢“牛”礼？<em>第一财经</em>春联进行时火热征联中,http://mp.weixin.qq.com/s?__biz=MjM5MTM3NTMwNA==&mid=2661004538&idx=5&sn=0e2aea82c1c6961bac4fcc2c0774c32e&chksm=bdd99e5d8aae174b08e355a5d6f105491a78647d6554f292aa3b1c00701348af7e00930d3554#rd,2021-02-03 22:27:33
9,<em>第一财经</em>“云上会”斩获艾瑞2020金瑞营销奖-最佳直播内容创意奖,http://mp.weixin.qq.com/s?__biz=MjM5MTM3NTMwNA==&mid=2661002432&idx=5&sn=66d0b97698b0258c309b352a1abd50f3&chksm=bdd986678aae0f71ed9974224c5616621b6fe0d4cdcb0c11dbecbc480171e8e6420c52b22cd3#rd,2021-01-27 17:42:54
10,数字货币的未来 | <em>第一财经</em>与<em>第</em>14届亚洲金融论坛合作线上分论坛,http://mp.weixin.qq.com/s?__biz=MjM5MTM3NTMwNA==&mid=2661000608&idx=4&sn=61d1dae9ef40b96a92fa7196e8301f39&chksm=bdd98f078aae06117f6a7b5c29e154e8ea4f70c20d121f55ac5c01d6e56fe5c5fba83c147aaa#rd,2021-01-21 14:32:00
11,<em>第一财经</em>疫情报道彰显社会责任 获评上海市优秀公共关系案例金奖,http://mp.weixin.qq.com/s?__biz=MjM5MTM3NTMwNA==&mid=2660999977&idx=6&sn=399720a5a111fe0384710aa8ede6c05c&chksm=bdd9898e8aae0098bb523eaf4fe6832fb9202e33187b9bc8db960cacd4503b3755a91513e775#rd,2021-01-19 22:27:43
12,数字货币的未来 | <em>第</em>14届亚洲金融论坛<em>第一财经</em>分论坛即将于1月19日举办,http://mp.weixin.qq.com/s?__biz=MjM5MTM3NTMwNA==&mid=2660999568&idx=5&sn=2d593a6368b4454f0c6db8d035f1dd55&chksm=bdd98b378aae022111851c250c53ccc83872521c6960c53516097f649644f741a37f170cf21c#rd,2021-01-18 21:34:16
13,牛年NEW样 | <em>第一财经</em>邀你集成语赢好礼啦！更有定制盲盒等着你哦！,http://mp.weixin.qq.com/s?__biz=MjM5MTM3NTMwNA==&mid=2660999141&idx=5&sn=4a4cb72db7621e2abce06444e2466567&chksm=bdd9b5428aae3c540a756e5ccecc3b521abe7f28d7754c8e51fb38871b9c7f4545c3a5e567cc#rd,2021-01-18 08:33:51
14,《2020年中国原创<em>财经</em>新媒体案例研究报告》发布，<em>第一财经</em>移动端优势持续增长,http://mp.weixin.qq.com/s?__biz=MjM5MTM3NTMwNA==&mid=2660998326&idx=5&sn=e179f68e123c525140cb49dece73d193&chksm=bdd9b6118aae3f07cc1f4196b438745a43eba5d7a38a78c4682bd10206f8b9799870eb28ff2f#rd,2021-01-13 22:57:22
15,<em>第一财经</em>2021新年献词：是什么支撑着我们？,http://mp.weixin.qq.com/s?__biz=MjM5MTM3NTMwNA==&mid=2660994492&idx=1&sn=09e3dd29e24a842f42d21c93c0cc7a78&chksm=bdd9a71b8aae2e0df0de69f5351099f86e64d41ece9f2fc4f4584298916bda92bcdc282facbc#rd,2020-12-31 08:04:29
16,<em>第一财经</em>斩获2020中国经济新媒体影响力多个奖项,http://mp.weixin.qq.com/s?__biz=MjM5MTM3NTMwNA==&mid=2660993627&idx=6&sn=2702777692d908a18481a8c7116f3d0c&chksm=bdd9a0fc8aae29ea6631c2ee768fa5f04346a6338f0000b24169c4f730efe4e4a72bbf1ac633#rd,2020-12-28 22:31:05
17,95后比80后更怕变老？ ——新氧X<em>第一财经</em>新青年抗衰老态度调查报告,http://mp.weixin.qq.com/s?__biz=MjM5MTM3NTMwNA==&mid=2660992953&idx=1&sn=8a5abe97593495323e6b3348b2ffbb0c&chksm=bdd9ad1e8aae2408fe250b8079d5391d43f959b34abf294f551b676bfb41f6581687e520c3d4#rd,2020-12-25 22:23:00
18,2020<em>第一财经</em>“中国企业社会责任榜”系列活动盛大举行,http://mp.weixin.qq.com/s?__biz=MjM5MTM3NTMwNA==&mid=2660990982&idx=2&sn=e8842e03df655c3b7ab101c60c5f6b6d&chksm=bdd9aaa18aae23b73112bd5d0f89391bfd781cc7e0444cbb40666c765947516fc881d9c4ad3c#rd,2020-12-18 22:11:57
19,限额招募丨2020<em>第一财经</em>CSR盛典，邀您共筑中国ESG生态链 ​,http://mp.weixin.qq.com/s?__biz=MjM5MTM3NTMwNA==&mid=2660989055&idx=2&sn=2478b5975fbcd30209fa04ab4c4519ba&chksm=bdd952d88aaedbce844cc31ee0f8a03bb1a83bcd31ce6362c236265ce9f23e60bc27ed8f5388#rd,2020-12-15 22:41:28
20,《2020·<em>第一财经</em>中国上市房企价值榜》重磅揭榜,http://mp.weixin.qq.com/s?__biz=MjM5MTM3NTMwNA==&mid=2660988753&idx=2&sn=941cd1f4706ac24ccd1f2a0a1c55ae97&chksm=bdd95df68aaed4e0d3c185d25a0a9152aaa72942e47166c047fcb2239cbf73277e24216a6459#rd,2020-12-15 08:39:19
21,《2020•<em>第一财经</em>中国房地产荣耀榜》正式揭晓,http://mp.weixin.qq.com/s?__biz=MjM5MTM3NTMwNA==&mid=2660988715&idx=6&sn=f5403d45062d69c795dad1fd97755a3a&chksm=bdd95d8c8aaed49ab8a3d4c979788ffc5ae07283e47ca36fe5f175149a2d2e81b2cdb335b5fa#rd,2020-12-14 21:23:30
22,完整版议程出炉！30+品牌高层及KOL将出席2020<em>第一财经</em>数据盛典,http://mp.weixin.qq.com/s?__biz=MjM5MTM3NTMwNA==&mid=2660986235&idx=4&sn=c4d75286a51bae577fb9a175aee074ad&chksm=bdd947dc8aaececabf60d105ee854ed26448dab59161b3b070069c1afdfb301d542c90cc2628#rd,2020-12-07 15:29:17
23,超60位行业大咖，齐聚2020<em>第一财经</em>数据盛典活动季！,http://mp.weixin.qq.com/s?__biz=MjM5MTM3NTMwNA==&mid=2660984770&idx=5&sn=8770b76ade5301e919716cc9eb362bfc&chksm=bdd94d658aaec473ea991433d2cea90e1246ab5601abaeeadbdb00feee08418f5c68495fe80c#rd,2020-12-01 15:46:35
24,《2020·<em>第一财经</em>中国上市房企价值榜》前瞻——从高增速向高质量的战略变革,http://mp.weixin.qq.com/s?__biz=MjM5MTM3NTMwNA==&mid=2660984770&idx=2&sn=273ece21bd68e96a73fe8e21691aaca1&chksm=bdd94d658aaec473c02a28fbe3fbe127796d2ea8428e2e7607e3e3f39f54f4fd0366f3fead15#rd,2020-12-01 15:46:35
25,<em>第</em>32届中国经济新闻奖揭晓  <em>第一财经</em>多篇报道获奖,http://mp.weixin.qq.com/s?__biz=MjM5MTM3NTMwNA==&mid=2660984285&idx=4&sn=0e2c9412db90089e2e67f9eb1daccc90&chksm=bdd94f7a8aaec66cde916ee113e63de3d505773c58429c94239af9bd1afa815b002c899b5eed#rd,2020-11-29 20:50:15
26,飞利浦与<em>第一财经</em>联合发布“2020年未来健康指数”白皮书 —— 拥抱数字化，年轻力正在推动健康医疗系统加速向“价值型”模式转型,http://mp.weixin.qq.com/s?__biz=MjM5MTM3NTMwNA==&mid=2660977348&idx=1&sn=802c88f8770e1b5663ebb9897b5ee1db&chksm=bdd960638aaee9758431adca094ffe5be2ee52168e53d6cf7d174806d128445077764be79575#rd,2020-11-07 09:00:00
27,聚焦科技创新 | <em>第一财经</em>助力2020浦江创新论坛顺利举办,http://mp.weixin.qq.com/s?__biz=MjM5MTM3NTMwNA==&mid=2660976394&idx=5&sn=bebbd1dc263d443322924d14759f0a3a&chksm=bdd96dad8aaee4bb0a82cf5cbd7f06be756f70bf307d134b4fe5c0f9db9fbe23b3d7ce306e0d#rd,2020-11-04 21:19:10
28,【精英掠影】<em>第</em>四届<em>第一财经</em>•RFP理财精英评选获奖者风采（五）,http://mp.weixin.qq.com/s?__biz=MjM5MTM3NTMwNA==&mid=2660975074&idx=2&sn=152c4bdacbfe92ccc309daf7c4184c21&chksm=bdd96b458aaee253c71038717c00842938b48e461a7f317439689750a6bf0597ff59ca588c36#rd,2020-10-31 14:18:45
29,你好，未来，再出发 | 《<em>第一财经</em>》杂志举办<em>第</em>三届“未来商业秀”,http://mp.weixin.qq.com/s?__biz=MjM5MTM3NTMwNA==&mid=2660973773&idx=4&sn=3f702cf7bd5ab3e5a04d7c7017cbbf94&chksm=bdd9166a8aae9f7cb563022f35f74af1524a93b203562923107850f528a7e6448c3bb5f2a6c1#rd,2020-10-26 21:47:06
30,<em>一</em>起奔流 | 2020 金投赏国际创意节<em>第一财经</em>专场举行,http://mp.weixin.qq.com/s?__biz=MjM5MTM3NTMwNA==&mid=2660972936&idx=5&sn=fbc22d3f13be43e71648af1e1b601192&chksm=bdd9132f8aae9a397d114c36419edc66bb2745d9ba89a650e07ae1a450e2f39a5bc56eb67571#rd,2020-10-22 22:18:09
31,来！让<em>第一财经</em>颠覆你的投资认知丨免费活动报名,http://mp.weixin.qq.com/s?__biz=MjM5MTM3NTMwNA==&mid=2660972460&idx=5&sn=6e9af3763af00cb31fb5269c5ee0ce48&chksm=bdd91d0b8aae941d87a24fb5781ecd6615787439e99c0247a1c1ea07877cd171fdd38f71e2f0#rd,2020-10-21 18:24:24
32,2020<em>第一财经</em>数据盛典：如果这<em>一</em>年“重”新发生,http://mp.weixin.qq.com/s?__biz=MjM5MTM3NTMwNA==&mid=2660972138&idx=4&sn=d1db065144a59f5461681b6c4f5ee7e5&chksm=bdd91ccd8aae95db7db8f0f86991df2b9fbd901707a596c5cb4b98f41aa1f0b5c2a07e626a09#rd,2020-10-20 18:59:22
33,<em>第一财经</em>名记专栏合集《商业·洞察2019》新书上市,http://mp.weixin.qq.com/s?__biz=MjM5MTM3NTMwNA==&mid=2660971427&idx=2&sn=129cadd73a937c18aaa82cbe1e0b83bd&chksm=bdd919048aae901275b229b28d029f554703c30f1dab237142a557c089100b79f01e9d8dc53d#rd,2020-10-18 15:19:18
34,【精英掠影】<em>第</em>四届<em>第一财经</em>•RFP理财精英评选获奖团队风采（四）,http://mp.weixin.qq.com/s?__biz=MjM5MTM3NTMwNA==&mid=2660969369&idx=2&sn=5682222895feb0f08b13907353cfa1e6&chksm=bdd9013e8aae8828093c79266f10207138726b4e07b7c6641d2c33b1572737d0fbd671fc72e0#rd,2020-10-09 18:04:55
35,<em>第一财经</em>记者吴绵强获“上海市抗击新冠肺炎疫情先进个人”,http://mp.weixin.qq.com/s?__biz=MjM5MTM3NTMwNA==&mid=2660968268&idx=3&sn=c604f7ed3f9d0c2801701821fe7d8f5b&chksm=bdd90deb8aae84fd03a33897fff0bd6c8be2e10ea3829fd0d2037ec673655be38160e43a998e#rd,2020-09-30 08:22:34
36,延续专业优势，<em>第一财经</em>助力首届外滩大会顺利举办,http://mp.weixin.qq.com/s?__biz=MjM5MTM3NTMwNA==&mid=2660968102&idx=4&sn=1874f6348d3204fce6df128ea717dfa7&chksm=bdd90c018aae8517a8b53d6dc246b0376de63ef4904b292c8185f69d691cc92e6f8e4233f16b#rd,2020-09-29 20:39:19
37,善商业时代的人才培养 | “益创营——<em>第一财经</em>•中国企业基金会秘书长培训”结业啦！,http://mp.weixin.qq.com/s?__biz=MjM5MTM3NTMwNA==&mid=2660967588&idx=5&sn=a717a125a67c360fe43b5d0b2917c4e3&chksm=bdd90e038aae8715ccca5cbf0118ccb098590df438250591441a7a9e9c9fe31f8a7e9e8ae8e9#rd,2020-09-28 17:15:26
38,【精英掠影】<em>第</em>四届<em>第一财经</em>•RFP理财精英评选获奖者风采（三）,http://mp.weixin.qq.com/s?__biz=MjM5MTM3NTMwNA==&mid=2660966596&idx=2&sn=e50750286cf3e7069a116ef332cbb097&chksm=bdd90a638aae8375cfa7dd0c8beb0d51e4725e2afe422da76bfbc0e54466069b5e006db50e56#rd,2020-09-25 09:11:45
39,2020北京车展要来了，<em>第一财经</em>带你在线看展享豪礼抽送,http://mp.weixin.qq.com/s?__biz=MjM5MTM3NTMwNA==&mid=2660965910&idx=4&sn=573c0d9c009b69647fa5c8e580440d66&chksm=bdd934b18aaebda7522eaff127c3a5a73aea9b701e7b220568783d1ac7df2985b102e0149993#rd,2020-09-23 17:53:52
40,打造<em>财经</em>领域最有影响力的舆论场 | <em>第一财经</em>启动内容平台化战略 <em>第一财经</em>研究院重点智库同时揭牌,http://mp.weixin.qq.com/s?__biz=MjM5MTM3NTMwNA==&mid=2660965685&idx=1&sn=4673db9f6f3b34a95689730c6d15e97b&chksm=bdd937928aaebe84d12085ff43e61cd6705ef9d0bb6c55a8218e444a586a6c1c52b4743dd019#rd,2020-09-22 23:00:47
41,<em>第一财经</em>总编辑杨宇东：社交媒体兴盛也助长反智主义,http://mp.weixin.qq.com/s?__biz=MjM5MTM3NTMwNA==&mid=2660965519&idx=2&sn=2aa70ef4e7d531ae048ef719ee8db862&chksm=bdd936288aaebf3e6653713f603272cc30d082a96bd3178f822b2264862bcf79c617d89b8865#rd,2020-09-22 20:19:36
42,【精英掠影】<em>第</em>四届<em>第一财经</em>•RFP理财精英评选获奖者风采（二）,http://mp.weixin.qq.com/s?__biz=MjM5MTM3NTMwNA==&mid=2660963988&idx=2&sn=671435d5d58f2da98f417e3a764ff11a&chksm=bdd93c338aaeb5252276ad7ec1c977090d13c6c886117c55cdfc3fada0f87f6180373dddd7f9#rd,2020-09-18 08:37:27
43,学员招募 | <em>第一财经</em>“责任中国”媒体人工作坊（<em>第</em>二期）,http://mp.weixin.qq.com/s?__biz=MjM5MTM3NTMwNA==&mid=2660963505&idx=2&sn=443929127facd6e29ea6266a1d7103ab&chksm=bdd93e168aaeb700435e5a6f351f081c481c71f71c597d5d72033f90dadfd995779a564eb016#rd,2020-09-16 21:14:14
44,学员招募 | <em>第一财经</em>“责任中国”媒体人工作坊（<em>第</em>二期）,http://mp.weixin.qq.com/s?__biz=MjM5MTM3NTMwNA==&mid=2660963026&idx=2&sn=177b61112d13b9e335692beedf16f801&chksm=bdd938758aaeb163778df7c6465f8ba614b6a503f42e53c7fb3543890e09a0d275151892ccbe#rd,2020-09-15 17:10:41
45,《2020•<em>第一财经</em>中国房地产荣耀榜》正式启航,http://mp.weixin.qq.com/s?__biz=MjM5MTM3NTMwNA==&mid=2660962640&idx=2&sn=a23c33b2bd221fa222c5512843e3a8d9&chksm=bdd93bf78aaeb2e190bfc54e415b75b2825917d9ccd436648952ed4d2950f12e3931024c033c#rd,2020-09-14 14:54:03
46,【精英掠影】<em>第</em>四届<em>第一财经</em>•RFP理财精英评选获奖者风采（<em>一</em>）,http://mp.weixin.qq.com/s?__biz=MjM5MTM3NTMwNA==&mid=2660962062&idx=2&sn=e5f457d7970af893923b795cf084afbb&chksm=bdd925a98aaeacbf6d56f355a10e43a8715cef483c7975f78eff1b0e495aa50919b82de0f36a#rd,2020-09-11 12:24:23
,title,link,create_time
0,<em>第</em>四届<em>第一财经</em>•RFP理财精英评选颁奖盛典隆重举行 见证理财师荣耀时刻！,http://mp.weixin.qq.com/s?__biz=MjM5MTM3NTMwNA==&mid=2660959307&idx=2&sn=b3cc44014d87c52aa19536ec7c992e00&chksm=bdd92eec8aaea7faf78a1b1c60bc91d0c88dc2901d617d3fb0ed6a047a5d8ffc02afbac0f4df#rd,2020-09-01 20:54:23
1,【荣耀时刻】<em>第</em>四届<em>第一财经</em>·RFP理财精英评选获奖名单正式发布,http://mp.weixin.qq.com/s?__biz=MjM5MTM3NTMwNA==&mid=2660957983&idx=2&sn=fda3a1910f729939911d5830a2971d3c&chksm=bdd8d5b88aaf5caee5bbb3abc702af78087dbcdb0aa56e1daf4be5bb72fd93165c94665bbdef#rd,2020-08-28 08:38:19
2,2020<em>第一财经</em>•中国上市房企价值榜正式启动,http://mp.weixin.qq.com/s?__biz=MjM5MTM3NTMwNA==&mid=2660952559&idx=2&sn=e84e26d191eaf9507c08ad1c2d8ea4dc&chksm=bdd8c3488aaf4a5ed87b1090acdc479d7224ea17cf344493d82b00adbd6c8e0515502cac7f44#rd,2020-08-10 19:43:15
3,2020<em>第</em>四届<em>第一财经</em>·RFP理财精英评选分赛区十强名单公布,http://mp.weixin.qq.com/s?__biz=MjM5MTM3NTMwNA==&mid=2660951497&idx=2&sn=8dd4b82eddaf6a3bf39dd23431674c74&chksm=bdd8cf6e8aaf46787578c87a5470c5d64334d4b1e45233436fab36bafbd116b4a1e75a016b10#rd,2020-08-06 09:11:57
4,2020<em>第一财经</em>•中国上市房企价值榜正式启动,http://mp.weixin.qq.com/s?__biz=MjM5MTM3NTMwNA==&mid=2660951122&idx=2&sn=c46cb12927d553eca4c28cc2d025041c&chksm=bdd8cef58aaf47e3fbdb1ccd7cbbc0f475e2142a3b0d12bfedd3cfa7e96703bbfdb8815c88e9#rd,2020-08-05 08:57:35
5,<em>第</em>四届<em>第一财经</em>·RFP理财精英评选华南、西南复赛在线圆满举行,http://mp.weixin.qq.com/s?__biz=MjM5MTM3NTMwNA==&mid=2660949081&idx=2&sn=6f6353402c557a8c4780e240da903f04&chksm=bdd8f6fe8aaf7fe82c74bfe14cd998685c40370fd487aa7700ffe94d29d54cc0955d25127812#rd,2020-07-29 09:08:02
6,“科技引擎 创赢未来” —— 2020<em>第一财经</em>科创大会圆满举行,http://mp.weixin.qq.com/s?__biz=MjM5MTM3NTMwNA==&mid=2660948557&idx=4&sn=f2b2feb6b509b4d087b086ff4acdc40d&chksm=bdd8f0ea8aaf79fc19b441c199a04592f959a78b4d0753b6e0900e581a05501da3cca8584845#rd,2020-07-27 18:02:50
7,<em>第</em>四届<em>第一财经</em>·RFP理财精英评选华东、华北复赛在线圆满举行,http://mp.weixin.qq.com/s?__biz=MjM5MTM3NTMwNA==&mid=2660947848&idx=2&sn=e9be55db470362c85297493309f439ad&chksm=bdd8fd2f8aaf7439dfe47fd85a8c62bea1cc237ede7d564e58e3e7aadf40ea39695061bd9c48#rd,2020-07-24 09:00:30
8,<em>第一财经</em>“云上会”入选艾瑞咨询最新内容营销策略研究报告案例,http://mp.weixin.qq.com/s?__biz=MjM5MTM3NTMwNA==&mid=2660945603&idx=4&sn=80a06d5dd564d2325b3fdc0dd46f8219&chksm=bdd8e4648aaf6d72bc1f39312930b123f1d3ab574dcd3be81854bd75c812a17049c98d139e6c#rd,2020-07-16 17:29:11
9,延续专业优势  <em>第一财经</em>助力世界人工智能大会首创云端峰会,http://mp.weixin.qq.com/s?__biz=MjM5MTM3NTMwNA==&mid=2660944629&idx=3&sn=a0cb0b128ff53b56cd14e7b0fd633519&chksm=bdd8e0528aaf6944249484f3e4d726729be0ec9e76b4a78393174901f1acaeb4fd151041c846#rd,2020-07-14 14:35:14
10,科技引擎 创赢未来 | 2020<em>第一财经</em>科创大会即将开启,http://mp.weixin.qq.com/s?__biz=MjM5MTM3NTMwNA==&mid=2660944366&idx=4&sn=b72c7d90e70e517b85d924bed3280407&chksm=bdd8e3498aaf6a5f9d72227f0532b6bb1c93e99c22b69bf2fdb46bddf8b461f8472f07dd6b82#rd,2020-07-13 20:44:12
11,<em>第一财经</em>“AI大会全程大放送”！3*24小时直击世界人工智能大会,http://mp.weixin.qq.com/s?__biz=MjM5MTM3NTMwNA==&mid=2660942939&idx=4&sn=a3ed9c970bc29f7abd00dedbfc26a73c&chksm=bdd8eefc8aaf67eac96a3feaaf3d1d297ec58fa39c9571367318036337a4739ccce335ba3b4c#rd,2020-07-09 13:03:39
12,单场直播成交额突破15亿，<em>第一财经</em>全面进军<em>财经</em>MCN领域,http://mp.weixin.qq.com/s?__biz=MjM5MTM3NTMwNA==&mid=2660942536&idx=2&sn=aaaf73c1fe41593ab977445e824d0763&chksm=bdd8e86f8aaf61798a04eb342b12fa38951ef27004dc9e28f11dddf725a1134e3bf01b1ca312#rd,2020-07-08 16:47:51
13,2020<em>第一财经</em>·中国城市新地标正式启动 ——探索关于“城市名片”的那些想象,http://mp.weixin.qq.com/s?__biz=MjM5MTM3NTMwNA==&mid=2660941880&idx=2&sn=668c665727fd7df94814d19003f70aa5&chksm=bdd8ea9f8aaf63892ba863a8d24997b929a3a20f95fda86151dc2f661ddbb674650377f5936f#rd,2020-07-06 20:06:36
14,来了！2020<em>第一财经</em>股权投资价值榜评选正式启动！,http://mp.weixin.qq.com/s?__biz=MjM5MTM3NTMwNA==&mid=2660940956&idx=2&sn=d158f719eecd909534fc2c0eb04ca00d&chksm=bdd8963b8aaf1f2d9ed82ed314d2d2d70658b45726e4cef91056c7721b56b2d50c9d6ea2418b#rd,2020-07-02 17:38:31
15,仁商•责任共同体丨2020<em>第一财经</em>•中国企业社会责任榜正式启动,http://mp.weixin.qq.com/s?__biz=MjM5MTM3NTMwNA==&mid=2660934751&idx=2&sn=889a4b4098b58c500031550d944dd3dd&chksm=bdd88ef88aaf07ee4c715b895b1ebff608cbc129fe49d64083e2e85aea981cb4764506b08f76#rd,2020-06-10 17:22:08
16,生存、破局、逆风突围，<em>第一财经</em>寻找【2020中国新消费商业力量】,http://mp.weixin.qq.com/s?__biz=MjM5MTM3NTMwNA==&mid=2660934324&idx=5&sn=ea95767f631e077eb884f9611ec62d23&chksm=bdd888138aaf0105d5d688d872c53269a8d7294d2a2f3e302411b82c1935d94ddf49b88d4feb#rd,2020-06-09 18:11:14
17,让数据唾手可得 | <em>第一财经</em>·知城数据平台正式上线公测,http://mp.weixin.qq.com/s?__biz=MjM5MTM3NTMwNA==&mid=2660934324&idx=4&sn=fac36557dbccbcea9a8287c5e733bc2b&chksm=bdd888138aaf0105c34b9d09dcf334a97227fbb0a3375467da62046b92da4e82c614c4bbdf3a#rd,2020-06-09 18:11:14
18,<em>第一财经</em>发布“中国高频经济活动指数”（YHEI）：经济活动快速改善，但仍未回到正常水平,http://mp.weixin.qq.com/s?__biz=MjM5MTM3NTMwNA==&mid=2660933547&idx=4&sn=1424e2616175ee41ad2e2b809f7581f5&chksm=bdd8b50c8aaf3c1ac8d3987555511b55b28d3b57f0ff05c9ed4312dc04435625b1438132e618#rd,2020-06-06 12:48:23
19,君智专家支招中国经济再出发 | <em>第一财经</em>《首席评论》两会特别报道,http://mp.weixin.qq.com/s?__biz=MjM5MTM3NTMwNA==&mid=2660931012&idx=3&sn=c5de3ce06a0986435bc7d113ba97cd2a&chksm=bdd8bf638aaf36750eb8602eb7ce61713ad8fd4d487944c26f83ea1bb84da860ff650d5429fc#rd,2020-05-28 19:11:03
20,“2019<em>第一财经</em>最佳分析师”评选盛大揭晓,http://mp.weixin.qq.com/s?__biz=MjM5MTM3NTMwNA==&mid=2660929590&idx=4&sn=e1bbc0bf577eedde2bf76239c4a6c87d&chksm=bdd8ba918aaf33871b1cd85b29b7d1d8d6763ea70dbd268050c3b90a8f69b98ae9f598c1eddf#rd,2020-05-23 18:09:54
21,“2019<em>第一财经</em>最佳分析师”评选盛大揭晓,http://mp.weixin.qq.com/s?__biz=MjM5MTM3NTMwNA==&mid=2660927925&idx=5&sn=cfbdb3bce4c26cb103009dab71cfbc24&chksm=bdd8a3128aaf2a045a9ccc86aa16ac9dd67cb9bb7350c59b9010034af8cb0882f0941754ad77#rd,2020-05-18 22:50:42
22,2019<em>第一财经</em>最佳分析师评选——洪书敏：动静皆宜 着眼于长远的多面手,http://mp.weixin.qq.com/s?__biz=MjM5MTM3NTMwNA==&mid=2660927096&idx=2&sn=ee22802ff64d09d5581e51da6aaa33db&chksm=bdd8acdf8aaf25c9d55605f668ef0048da722bfb4a4ec194410ea2f86a4551c81305a18862e0#rd,2020-05-15 15:48:48
23,总编推荐 | 《新基建 变革来临》<em>第一财经</em>重磅专题,http://mp.weixin.qq.com/s?__biz=MjM5MTM3NTMwNA==&mid=2660926967&idx=1&sn=1891081a81e73d216a10c554eb2747ed&chksm=bdd8af508aaf26465b4b1407232da995e24aaa288ea7fee6d3a3d3e0309782bf4e74d629cbfa#rd,2020-05-15 08:48:22
24,<em>第一财经</em>总编辑杨宇东等：解析抗疫报道的“<em>一</em>财”战法丨传媒前线,http://mp.weixin.qq.com/s?__biz=MjM5MTM3NTMwNA==&mid=2660925664&idx=2&sn=1a7cb2d344f4d8a7ec4ef3f43856740a&chksm=bdd8aa478aaf2351537f63d8dd3a0d2650faacd9e644c5081a32314abf8e9126dfa29c30073d#rd,2020-05-11 17:25:23
25,<em>第</em>四届<em>第一财经</em>•RFP理财精英评选：5月10日正式报名，战火再燃！,http://mp.weixin.qq.com/s?__biz=MjM5MTM3NTMwNA==&mid=2660924987&idx=2&sn=9b7b4a68bb75b7915b73b4c2f9a03375&chksm=bdd8549c8aafdd8a51e45d45edf098ba7b160082d2caaffb51438e4e5f1386d52a25868a23c4#rd,2020-05-08 08:56:40
26,解密巴菲特的价值投资之道，<em>第一财经</em>带你入圈,http://mp.weixin.qq.com/s?__biz=MjM5MTM3NTMwNA==&mid=2660922887&idx=3&sn=cc1a5e0760acb9797cb364687eb300b4&chksm=bdd85ca08aafd5b6c619df31f314add31b5dabdf07aaf032ae6459ec20b5d18e79bb90002738#rd,2020-04-25 17:49:10
27,新冠肺炎抗击实录 | <em>第一财经</em>YiMagazine 合刊预售,http://mp.weixin.qq.com/s?__biz=MjM5MTM3NTMwNA==&mid=2660913388&idx=4&sn=9892ca21d4b5a1edce5a5add64505b6c&chksm=bdd87a4b8aaff35d20a76a61e2f9cdd008c61b8bdc453b3764ae30ff06afdc5c1205a4b18c41#rd,2020-02-25 13:16:23
28,<em>第一财经</em>征集疫情线索！,http://mp.weixin.qq.com/s?__biz=MjM5MTM3NTMwNA==&mid=2660911840&idx=1&sn=a277238e5b9260018aea81e093c3a7c2&chksm=bdd860478aafe951030f462ba089c9d82f64974e986d787203e6dbd66a2da209899e6a6b5330#rd,2020-02-03 21:14:48
29,聚焦大湾区金融创新，<em>第一财经</em>再度携手亚洲金融论坛,http://mp.weixin.qq.com/s?__biz=MjM5MTM3NTMwNA==&mid=2660911067&idx=4&sn=1d3bac2f36aeb3f7d197c735ebf40387&chksm=bdd86d7c8aafe46a9643f9e282bd72bfe73deb92911b1ee9c923df3d48936c72030396f50d79#rd,2020-01-20 18:46:25
30,聚焦<em>第</em>13届亚洲金融论坛，<em>第一财经</em>分论坛举办在即,http://mp.weixin.qq.com/s?__biz=MjM5MTM3NTMwNA==&mid=2660910775&idx=4&sn=2c01bc1dec1b3cbb4d973170d6525553&chksm=bdd86c108aafe50629a066a353b9399a292f6afb12dd1f32720b06d51f5917cfcce941e8e00a#rd,2020-01-10 22:05:14
31,2019余额不足，<em>第一财经</em>带你三分钟回顾年度<em>财经</em>大事件,http://mp.weixin.qq.com/s?__biz=MjM5MTM3NTMwNA==&mid=2660910375&idx=3&sn=809582c7ee00c4d86a4b86409620d755&chksm=bdd86f808aafe696282de5a6e1d0c4d7043367bacf459c698dc0ebac5705ec73a119760739f1#rd,2019-12-30 08:44:33
32,《2019·<em>第一财经</em>中国房地产荣耀榜》重磅揭榜,http://mp.weixin.qq.com/s?__biz=MjM5MTM3NTMwNA==&mid=2660910254&idx=5&sn=0109c0db4c6844d0065f7eaf447f0126&chksm=bdd86e098aafe71fcafcb03622d545d38c58e8a167c3bbd0b894b552203e9c19e515e04306e5#rd,2019-12-26 18:26:00
33,《2019·<em>第一财经</em>中国上市房企价值榜》重磅揭榜,http://mp.weixin.qq.com/s?__biz=MjM5MTM3NTMwNA==&mid=2660910217&idx=6&sn=d8954be721a0c9d95831ea081985f859&chksm=bdd86e2e8aafe73810b70a019e17c007c4a702936184367082708c3c5ffed31cacba63797946#rd,2019-12-25 17:34:27
34,2019<em>第一财经</em>数据盛典：顺流而上，寻找消费的下<em>一</em>个增长点,http://mp.weixin.qq.com/s?__biz=MjM5MTM3NTMwNA==&mid=2660910130&idx=5&sn=9e2ede902f55b2cc357046f34c678bc2&chksm=bdd86e958aafe783b343c1bda48358038e3739bedb263da47ab0058a89be36740929b7adfeff#rd,2019-12-23 17:52:42
35,学员招募丨<em>第一财经</em>“责任中国”媒体人工作坊,http://mp.weixin.qq.com/s?__biz=MjM5MTM3NTMwNA==&mid=2660910047&idx=2&sn=14e94860bf9d20f619c3e04f5ce20046&chksm=bdd869788aafe06ef2560f6e72aed80a4e2ed7faca3fa28829359f6e5b7b47926a2d7f020f2c#rd,2019-12-19 18:12:05
36,学员招募丨<em>第一财经</em>“责任中国”媒体人工作坊,http://mp.weixin.qq.com/s?__biz=MjM5MTM3NTMwNA==&mid=2660910008&idx=2&sn=819a020a92d3a6fd9985a14743cc7131&chksm=bdd8691f8aafe009eb0583ae4e7024976ca8c8105100d90ee99d12b8f375d78363b1fa9ce9fb#rd,2019-12-18 20:35:57
37,39位大咖齐聚，“数”说新消费增长 | 2019<em>第一财经</em>数据盛典,http://mp.weixin.qq.com/s?__biz=MjM5MTM3NTMwNA==&mid=2660909948&idx=3&sn=11837f908a142136de5bc679d7dfd6ff&chksm=bdd869db8aafe0cd9712986d798a783ce6d1d4d2eff54e9d0b7f43575e78a63151685c0122f7#rd,2019-12-16 22:50:20
38,2019<em>第一财经</em>“中国企业社会责任榜”系列活动盛大举行,http://mp.weixin.qq.com/s?__biz=MjM5MTM3NTMwNA==&mid=2660909880&idx=2&sn=99513790a7c76226a20c9df3fd4f8cd6&chksm=bdd8699f8aafe08937adcb381c30bf17932ef78332285dd5942850599112d15aef5d1c798619#rd,2019-12-13 22:24:43
39,【招募令】<em>第一财经</em>•中国企业基金会秘书长培训来啦!,http://mp.weixin.qq.com/s?__biz=MjM5MTM3NTMwNA==&mid=2660909873&idx=7&sn=5da5129ff8f702413fef3055765ec05e&chksm=bdd869968aafe080797b1b5fc6c08fb4dd6f310fa7c31c5f224edd4f788292d3ce049c6c1854#rd,2019-12-13 20:23:38
40,<em>第一财经</em>2019昆明论坛，即将开启,http://mp.weixin.qq.com/s?__biz=MjM5MTM3NTMwNA==&mid=2660909761&idx=2&sn=1e2ab75c8b6b61a8c0712a6739ba38e1&chksm=bdd868668aafe170c1900b495606c16cb73696f7ff547e617175e6df2b8b2575a471d29f2677#rd,2019-12-12 08:36:36
41,学员招募丨<em>第一财经</em>“责任中国”媒体人工作坊,http://mp.weixin.qq.com/s?__biz=MjM5MTM3NTMwNA==&mid=2660909750&idx=4&sn=b9152ba3ca3b7d9846ff111238a53abf&chksm=bdd868118aafe10784eb6657dabeabb67880298a84be0614efe7f7d47755163508a7baff13b3#rd,2019-12-11 17:45:01
42,火热报名丨<em>第一财经</em>年度最值得期待企业家高峰论坛暨“2019杰出商界领军者”颁奖典礼,http://mp.weixin.qq.com/s?__biz=MjM5MTM3NTMwNA==&mid=2660909581&idx=4&sn=b3a9a3fa736ee999bfcf16b4047a511c&chksm=bdd868aa8aafe1bc9b07481632d6b1f8700cbd9dc1ba271b2a6d8147eb5a61bf513070679a2a#rd,2019-12-06 08:25:55
43,火热报名｜<em>第一财经</em>·善商业论坛暨2019<em>第一财经</em>企业社会责任榜颁奖盛典,http://mp.weixin.qq.com/s?__biz=MjM5MTM3NTMwNA==&mid=2660909488&idx=2&sn=ef94b9d2c59771ef4bda4970784bcbd7&chksm=bdd86b178aafe2017906ad852b45ad00e714454c4eb497932271f5c09a65f7742c1852ac6607#rd,2019-12-03 08:43:11
44,报名! <em>第一财经</em>年度最值得期待企业家高峰论坛暨“2019杰出商界领军者”颁奖典礼,http://mp.weixin.qq.com/s?__biz=MjM5MTM3NTMwNA==&mid=2660909294&idx=2&sn=521356999391ea0ce705d3e62af4225c&chksm=bdd86a498aafe35f85bfb99204fc30678956abb49ffab587857b586ad4e91c1f651a8827ca75#rd,2019-11-26 22:04:01
45,榜单发布 | <em>第一财经第一</em>届“华创奖”&<em>第</em>六届“华新奖”,http://mp.weixin.qq.com/s?__biz=MjM5MTM3NTMwNA==&mid=2660909288&idx=4&sn=ab73e861d1faca6167243f5518db6678&chksm=bdd86a4f8aafe359d68bee06d52d3ebc348d6f6531623ac6cfc530ccd3593e1481fb0fe773f8#rd,2019-11-26 17:13:27
46,终于等到“你”，《<em>第一财经</em>》YiMagazine限时特惠来啦！,http://mp.weixin.qq.com/s?__biz=MjM5MTM3NTMwNA==&mid=2660908944&idx=2&sn=6793f9b0c3251ee1183042f21fafe2f0&chksm=bdd815378aaf9c213db35122b44ba0919f7db7730af58825813c854941ee82e4db4692ef543c#rd,2019-11-18 08:36:12
47,<em>第一财经</em>发布“中国企业国际化”排名,http://mp.weixin.qq.com/s?__biz=MjM5MTM3NTMwNA==&mid=2660908899&idx=4&sn=488f3df176d3a81f34648a397cca04a5&chksm=bdd815c48aaf9cd2f4e44f5f1319753a5c248b13d844acdb140d2c9ce0c8acae5182497a16a8#rd,2019-11-15 22:36:04
48,《科技为擎 创赢未来》<em>第一财经</em>科创大会20日将在京召开,http://mp.weixin.qq.com/s?__biz=MjM5MTM3NTMwNA==&mid=2660908788&idx=4&sn=f6a84286dc950afb2c386ad6c499725a&chksm=bdd814538aaf9d45b21e70c15c6e9c32a9f380e0a973a9e6733b530f3c7ac1804a1dab65f720#rd,2019-11-14 08:41:42
,title,link,create_time
0,报名进行时 | <em>第一财经</em>科创大会 “科技为擎 创赢未来”,http://mp.weixin.qq.com/s?__biz=MjM5MTM3NTMwNA==&mid=2660908671&idx=3&sn=da2d6637a70dada498e8e7fc2ad5f7ae&chksm=bdd814d88aaf9dce9f722832ba0f025457bd2af770814587337ce3b0f85eeb7deb7230c9082c#rd,2019-11-11 22:08:30
1,活动@上海丨2019<em>第一财经</em>金融价值排行榜•颁奖典礼,http://mp.weixin.qq.com/s?__biz=MjM5MTM3NTMwNA==&mid=2660908540&idx=5&sn=1b3a4199d96bb7e699464ed33f0d78d0&chksm=bdd8175b8aaf9e4d0aa6de40c9bd803ff346796798996eba966a66d98bcb382d91f605d54474#rd,2019-11-07 18:17:22
2,2020 <em>第一财经</em> 打造5G时代 <em>第一财经</em>视频入口,http://mp.weixin.qq.com/s?__biz=MjM5MTM3NTMwNA==&mid=2660908400&idx=4&sn=ae2b1eb3d60793178d9b0171f18da2f9&chksm=bdd817d78aaf9ec1192de67708499135c8a33ca141670d1f7245c15f57953990a2db8f404561#rd,2019-11-02 22:14:04
3,我要我未来 | 《<em>第一财经</em>》杂志“未来商业秀”登场,http://mp.weixin.qq.com/s?__biz=MjM5MTM3NTMwNA==&mid=2660908377&idx=4&sn=ec73eb778fbf57900b3de73253841d4a&chksm=bdd817fe8aaf9ee8ea65a1c79ba70f0f3d0800697eafc0b5e36a5ec462d82f72f32fa5347ad1#rd,2019-11-01 18:05:47
4,2019<em>第一财经</em>数据盛典：寻找消费的下<em>一</em>个增长点,http://mp.weixin.qq.com/s?__biz=MjM5MTM3NTMwNA==&mid=2660907921&idx=3&sn=94c8e25db8bdf2ca4e5cc5ea081cfcd9&chksm=bdd811368aaf9820019cd9f0397f1a07630d889ff0cb45559f25f11719ce6722ba2c193f932b#rd,2019-10-17 22:00:20
5,重磅启动！<em>第一财经</em>寻找【2019中国互联网消费商业力量】,http://mp.weixin.qq.com/s?__biz=MjM5MTM3NTMwNA==&mid=2660906911&idx=4&sn=c1c32bf74bc0ba209d09d64888a64e02&chksm=bdd81d388aaf942e60b7fbc55049e345d4e9aebb83ef661204b33056097b8e03960910211bf8#rd,2019-09-12 20:11:44
6,<em>第一财经</em>专访上海徐汇区区长方世忠: 打造千亿级AI产业需要初心、耐心和雄心,http://mp.weixin.qq.com/s?__biz=MjM5MTM3NTMwNA==&mid=2660906644&idx=2&sn=f62bab7d796257d4e7f02c9dc3f8acb0&chksm=bdd81c338aaf9525aecb0bbba8f7bc22fbe16c9b4d90185f9deccf79cd4558be68f904247f12#rd,2019-09-04 22:35:48
7,<em>第</em>三届<em>第一财经</em>·RFP理财精英评选颁奖盛典隆重举行，本年度理财师评选完美收官,http://mp.weixin.qq.com/s?__biz=MjM5MTM3NTMwNA==&mid=2660906277&idx=5&sn=f4c57c3e9ab1d4b43fbee72fa49115ce&chksm=bdd81f828aaf9694cf2aaab6f78f002a7013ba231a88f5c52fd933c1ca2eba8d5bd7170c8c04#rd,2019-08-26 17:12:44
8,【荣耀时刻】<em>第</em>三届<em>第一财经</em>·RFP理财精英评选获奖名单发布,http://mp.weixin.qq.com/s?__biz=MjM5MTM3NTMwNA==&mid=2660906208&idx=4&sn=94d23ae8ad5e3dc9541bbc96dd604a4b&chksm=bdd81e478aaf97514c29269d12eb40d59298a2f69cd7b9f1aa86c14c54c71caab767851abd6a#rd,2019-08-23 16:52:18
9,十年·思想照亮未来·最前沿观点产生的背后——<em>第一财经</em>·中国经济论坛,http://mp.weixin.qq.com/s?__biz=MjM5MTM3NTMwNA==&mid=2660905762&idx=3&sn=e36bca9db9237f208844d5c2f7c2f263&chksm=bdd819858aaf90937895de0dd38657ed17aa7818bae7ec2d1353e3849b7992609e5ba1145f6a#rd,2019-08-07 22:13:11
10,<em>第一财经</em>携手腾讯安全联合实验室，发布《2019上半年金融科技安全报告》,http://mp.weixin.qq.com/s?__biz=MjM5MTM3NTMwNA==&mid=2660905598&idx=4&sn=446e13a717449b63528de4a2ef70c0ca&chksm=bdd818d98aaf91cf5685522f895c49897fa4fb0f38d3242e8b5811750059a33ddd88975b3d30#rd,2019-08-01 18:46:55
11,名额有限 报名从速 |“2019<em>第一财经</em>科创大会”亮点抢先知,http://mp.weixin.qq.com/s?__biz=MjM5MTM3NTMwNA==&mid=2660899377&idx=3&sn=0601c783b82745d4d604baf41d57e97f&chksm=bdd830968aafb9804b6f834c884ae059fedda13bbd0fa365460a4d19fd75fc65e6de7af5bfd0#rd,2019-07-04 22:26:12
12,仁商•赋能善商业 | 2019<em>第一财经</em>•中国企业社会责任榜正式启动,http://mp.weixin.qq.com/s?__biz=MjM5MTM3NTMwNA==&mid=2660899349&idx=4&sn=64dcdcb0721291479e921ac2d8b8b820&chksm=bdd830b28aafb9a462861ee3211139b732b351389b52849ae1ffa727faa08b8920f924df6f75#rd,2019-07-04 08:24:17
13,2019<em>第一财经</em>科创大会“科创在路上”行业沙龙即将开启,http://mp.weixin.qq.com/s?__biz=MjM5MTM3NTMwNA==&mid=2660899262&idx=4&sn=875605f09b0dd831f2a1fa013e8a2ed4&chksm=bdd833198aafba0f43bb34117a0e82d35578106eb0765ea2741cba106e05b206e2ee80153409#rd,2019-07-01 22:16:11
14,“创时代 向未来” 2019<em>第一财经</em>科创大会即将开启,http://mp.weixin.qq.com/s?__biz=MjM5MTM3NTMwNA==&mid=2660899042&idx=4&sn=ee6c7dc07f62e6d5e119649e01070b02&chksm=bdd832458aafbb53a7351c63a9c0a349f08f0fb39afa25210612c11f581f12d106dc3e6f8adc#rd,2019-06-24 18:13:12
15,<em>第一财经</em>董事长李蓉：以场景促创新，<em>财经</em>媒体改革正当时,http://mp.weixin.qq.com/s?__biz=MjM5MTM3NTMwNA==&mid=2660898811&idx=2&sn=980d917363cc34d0b87a38a51d131b25&chksm=bdd83d5c8aafb44af3197c15cd09e0d39d13137fa54a8fc78ed394ca13a70dad788801dbc15a#rd,2019-06-14 21:53:20
16,与行业盛会工成长，<em>第一财经</em>再度携手2019CES Asia,http://mp.weixin.qq.com/s?__biz=MjM5MTM3NTMwNA==&mid=2660898764&idx=5&sn=1e719acf10a08ec725ce749724f3c34f&chksm=bdd83d6b8aafb47d81c2f88c364905c903b6fa95fdfece76585de6e6bb02f53f7aadc7f2f909#rd,2019-06-13 18:53:41
17,引领<em>财经</em>内容新趋势，<em>第一财经</em>发布场景化创新战略,http://mp.weixin.qq.com/s?__biz=MjM5MTM3NTMwNA==&mid=2660898764&idx=4&sn=76458b7f3af0c937e875cbca3d3435ea&chksm=bdd83d6b8aafb47d44789ad95e1e56cc2d04003e0da793a9b62f82b017d9548404932911b5b6#rd,2019-06-13 18:53:41
18,<em>第一财经</em>总编辑杨宇东：<em>财经</em>内容消费将向场景化聚焦,http://mp.weixin.qq.com/s?__biz=MjM5MTM3NTMwNA==&mid=2660898676&idx=2&sn=8a4ed0622ef79e9063a787d534a00ad0&chksm=bdd83dd38aafb4c50905a2398beb8837d8ffa44bec656352551a2eb6f048aca1bc6aea1f6492#rd,2019-06-11 22:30:52
19,“<em>第</em>三届<em>第一财经</em>•RFP理财精英评选”北京区域十强诞生,http://mp.weixin.qq.com/s?__biz=MjM5MTM3NTMwNA==&mid=2660898426&idx=4&sn=04e59e9e1cea32bebb142c1dfe0d5cd5&chksm=bdd83cdd8aafb5cb4020089b768c95e2d4b111b1d11e6ae728bd24404aa28d59401da216399f#rd,2019-06-04 18:30:55
20,洞察未来之城，助力大湾区发展  —— <em>第一财经</em>深港新启航,http://mp.weixin.qq.com/s?__biz=MjM5MTM3NTMwNA==&mid=2660897930&idx=5&sn=2138c703f1e39aadfb86898511c82d6c&chksm=bdd83e2d8aafb73ba58bbccb482533a0eb27bcea9951eb5cd705574c867e15fee48bafb71d52#rd,2019-05-20 17:53:28
21,柳传志独家回应<em>第一财经</em>：拉卡拉并未错失最佳上市时机,http://mp.weixin.qq.com/s?__biz=MjM5MTM3NTMwNA==&mid=2660881288&idx=2&sn=238d74a554e14b1c25004c6ed4a46e63&chksm=bddbf92f8aac70397d85903ce555997df7c783ad64d173a5c0a35000363aa58fc4f66ebc9427#rd,2019-04-25 22:15:21
22,<em>第</em>三届<em>第一财经</em>•RFP理财精英评选正式发布，邀你来战！,http://mp.weixin.qq.com/s?__biz=MjM5MTM3NTMwNA==&mid=2660881148&idx=4&sn=1f8bdd6262e1eb18014e966b58fca116&chksm=bddbf85b8aac714d8fae804cefdf3358a51934612064e24e07c53d467e3f3894f5fc905dfdd6#rd,2019-04-22 16:28:47
23,关注汽车市场新格局  <em>第一财经</em>全媒体直击2019上海国际车展,http://mp.weixin.qq.com/s?__biz=MjM5MTM3NTMwNA==&mid=2660880898&idx=5&sn=4dd7fb44b5cfbde00e5ba555705f9fe9&chksm=bddbf8a58aac71b3f8ab7c883c671e163403c3769e2afa0cb1cfb6e2d236612e716853f1372c#rd,2019-04-15 22:25:18
24,<em>第一财经</em>和科创板不得不说的二三事,http://mp.weixin.qq.com/s?__biz=MjM5MTM3NTMwNA==&mid=2660871102&idx=2&sn=f1e3b7d70124ce6fdf58d7ac2c01756e&chksm=bddb81198aac080fc1cdec427f9f8c3232699b930e1988ab8438f91b11c986f0fc926224c2f0#rd,2019-04-09 17:41:41
25,车迷狂欢月！<em>第一财经</em>送F1套票、乐高车模、上海车展门票等好礼,http://mp.weixin.qq.com/s?__biz=MjM5MTM3NTMwNA==&mid=2660870839&idx=4&sn=fc4ba8f0fa425152071de6f173e09ad0&chksm=bddb80108aac09067c7e55771bced6060dc684e72ce4bdcb39da88b02ae06d6bbe04ba767b12#rd,2019-04-01 19:43:57
26,<em>第一财经</em>2018年度图书榜单出炉！你pick哪<em>一</em>本？,http://mp.weixin.qq.com/s?__biz=MjM5MTM3NTMwNA==&mid=2660868372&idx=2&sn=29da92e79a60e531405bd930974b22f1&chksm=bddb8bb38aac02a577a33796a95e08f1dd5bd517e2b5427b2c6f3198c6f0675b353ac64efc71#rd,2019-01-27 21:54:59
27,<em>第一财经</em>APP开启价值阅读新时代,http://mp.weixin.qq.com/s?__biz=MjM5MTM3NTMwNA==&mid=2660868280&idx=1&sn=cbd4074274fc975340448b138306a700&chksm=bddb8a1f8aac03094398a0729c3cfbc49f5639dfcef673c1a9d7201dfecf2e95f680542ee7e5#rd,2019-01-23 22:10:30
28,聚焦大湾区金融发展 <em>第一财经</em>（香港）金融科技论坛举办在即,http://mp.weixin.qq.com/s?__biz=MjM5MTM3NTMwNA==&mid=2660867873&idx=4&sn=7b718e25a191e67f4a79694926371bab&chksm=bddbb5868aac3c90d064ec751e1440155964c637331029568c53ff26d3943c462193766864f7#rd,2019-01-10 16:00:24
29,发现了！<em>第一财经</em>“颜值战斗力”升级的小秘密,http://mp.weixin.qq.com/s?__biz=MjM5MTM3NTMwNA==&mid=2660867499&idx=1&sn=84448d129cc50b2b3f435a46b022e4f2&chksm=bddbb70c8aac3e1a5b6607b73de987243947c6e63b56f62624f3bf36ca43f4a9dc6ebed2dc9d#rd,2018-12-28 17:30:13
30,明尼苏达检方回应<em>第一财经</em>：不予起诉刘强东，案件复杂并严重证据不足,http://mp.weixin.qq.com/s?__biz=MjM5MTM3NTMwNA==&mid=2660867267&idx=1&sn=9e67adf474579676641031253178ee95&chksm=bddbb6648aac3f7257a436bcbe7bf265844b8bfd4ff87c3557d9a0479706c0327a858cf0ae18#rd,2018-12-22 10:07:57
31,2018<em>第一财经</em>“中国企业社会责任榜”系列活动盛大举行,http://mp.weixin.qq.com/s?__biz=MjM5MTM3NTMwNA==&mid=2660895722&idx=3&sn=845944ebc2eec8d95adc7d6c392cb8e4&chksm=bdd8214d8aafa85bd3f99e184e81f8c29cb28ceaf38425576de2c1656481601bf71cd3adf5e3#rd,2018-12-21 18:50:39
32,2018<em>第一财经</em>“中国企业社会责任榜”系列活动盛大举行,http://mp.weixin.qq.com/s?__biz=MjM5MTM3NTMwNA==&mid=2660867228&idx=3&sn=7ac3c1834d2a9474a659ff6b7a6760fb&chksm=bddbb63b8aac3f2d978765d84d69929226cc8b3bc4044263eceafae49e25d4e42b44fcb4e59c#rd,2018-12-21 11:48:46
33,广汽丰田荣获<em>第一财经</em>杰出企业奖，多元化发展推进企业社会责任建设,http://mp.weixin.qq.com/s?__biz=MjM5MTM3NTMwNA==&mid=2660867159&idx=4&sn=2e9788b0b47dcf861400e50af8d32607&chksm=bddbb6f08aac3fe6ecf33835111bfca66e8f821ec90faec5f52d6d4cf720c9af9213ebf8f946#rd,2018-12-20 07:16:00
34,<em>第一财经</em>“华新奖”颁布12奖项！《2018新三板价值投资报告》重磅推出,http://mp.weixin.qq.com/s?__biz=MjM5MTM3NTMwNA==&mid=2660866890&idx=3&sn=400ea0004985fb7d0d76f44ddce2e06f&chksm=bddbb1ed8aac38fb051f3c5e16d683ef989d5a07ccc01b279434c3c49665373e064063661a9c#rd,2018-12-11 22:12:12
35,2018<em>第一财经</em>•CSR年度盛典来啦！,http://mp.weixin.qq.com/s?__biz=MjM5MTM3NTMwNA==&mid=2660866834&idx=5&sn=51523434b6749abd5c3080de6245aad7&chksm=bddbb1b58aac38a3a3f621babb7a64dcf3f8b1e4bb12f66d8971cd926637bd32901cab781dc8#rd,2018-12-10 18:52:07
36,《<em>第一财经</em>周刊》告读者信,http://mp.weixin.qq.com/s?__biz=MjM5MTM3NTMwNA==&mid=2660866745&idx=1&sn=1e7c73ebd73b7dd7bede114e06556423&chksm=bddbb01e8aac39085f0d3e33dacfed533f95eaec4ff3e892d61159443f185ab53e24fcbf0d1c#rd,2018-12-07 07:41:00
37,活动报名 | <em>第一财经</em>金融科技峰会——智创 稳进 新格局@北京,http://mp.weixin.qq.com/s?__biz=MjM5MTM3NTMwNA==&mid=2660866720&idx=3&sn=c7467ae3fbdb72634f4c1040f3da8ef3&chksm=bddbb0078aac3911fa1210a5be25e2f87953bd48e40687c519bc0c5393ead3a65a3c0adcebe0#rd,2018-12-05 22:16:11
38,“华新奖”五岁了！2018<em>第一财经</em>新三板峰会即将召开,http://mp.weixin.qq.com/s?__biz=MjM5MTM3NTMwNA==&mid=2660866664&idx=4&sn=1f66cbe1d0861e3651368cd6bb244d1d&chksm=bddbb0cf8aac39d9fddd996ad3860e232b979eadb6c74e7a417fc2c1a68825400da6e894f9a4#rd,2018-12-04 07:11:00
39,2018<em>第一财经</em>技术与创新大会深圳站来了 官方为你划重点,http://mp.weixin.qq.com/s?__biz=MjM5MTM3NTMwNA==&mid=2660866416&idx=1&sn=e064c08a8f52e2842de34f4c846de9d5&chksm=bddbb3d78aac3ac110b405e8528a40ccad573cca91147890cdc1dbfb1e1cb09da1290b971fdf#rd,2018-11-26 22:10:39
40,宝钢股份你要闹哪样？看清楚<em>第一财经</em>写什么了吗,http://mp.weixin.qq.com/s?__biz=MjM5MTM3NTMwNA==&mid=2660879510&idx=2&sn=a4047b56ef8064939c5eaefa4c8003e5&chksm=bddbe6318aac6f27c1e98bc6c2c32996bb251ccb5fd3ac3191507f005fec0b829100fd07f2f6#rd,2018-11-21 22:22:21
41,改革、稳进——2018“<em>第一财经</em>金融价值榜·颁奖典礼”在上海举行,http://mp.weixin.qq.com/s?__biz=MjM5MTM3NTMwNA==&mid=2660866185&idx=5&sn=6522bf899793c569542213f267dc9ac8&chksm=bddbb22e8aac3b3882daab3c5cfabf40bbd83172579d2e0ec0ca6c8a27435a4a5e7d4259c98e#rd,2018-11-20 18:37:35
42,红黄蓝独家回应<em>第一财经</em>：管理层召开紧急会议，对公司整体影响有限,http://mp.weixin.qq.com/s?__biz=MjM5MTM3NTMwNA==&mid=2660879515&idx=2&sn=f57b53bb6be47bd57ed50a279299a82c&chksm=bddbe63c8aac6f2a189271174bfe3377278cfc771d3bd486be52c3d071af56814397766cb888#rd,2018-11-16 20:26:26
43,未来可期，生来多彩——<em>第一财经</em>APP新版上线,http://mp.weixin.qq.com/s?__biz=MjM5MTM3NTMwNA==&mid=2660866017&idx=2&sn=e8d9e95b1d6c44179c14b52b24c511e2&chksm=bddbbd468aac345015fa2414fd76c15885f30788d9b3a479a6257cbcca0a727e3ba7d9d9adbd#rd,2018-11-15 22:08:59
44,<em>第一财经</em>技术与创新大会深圳站报名啦！,http://mp.weixin.qq.com/s?__biz=MjM5MTM3NTMwNA==&mid=2660865911&idx=2&sn=758bbdcce14b5ecd486698eacb82e294&chksm=bddbbdd08aac34c6f8aabfdc37577c3ae44c66b1e10bfadb8a010d9c8b3fa107b7e75b0017c7#rd,2018-11-13 22:44:35
45,专业创造价值——2018金投赏国际创意节<em>第一财经</em>专场回顾,http://mp.weixin.qq.com/s?__biz=MjM5MTM3NTMwNA==&mid=2660865008&idx=4&sn=345f53dc075ee12af2e3b6530d658bb8&chksm=bddbb9578aac3041af10d2027e8327ef47b3f2c5b3c330768bcf4723fd168614e118058b4d1e#rd,2018-10-19 22:12:12
46,<em>第一财经</em>独家专访明尼苏达州警方：刘强东获释不代表无罪,http://mp.weixin.qq.com/s?__biz=MjM5MTM3NTMwNA==&mid=2660843365&idx=1&sn=cec0b7dc16bc8b91c7bf3fe64b22c481&chksm=bddb15c28aac9cd48b6e02870a90e3ff70a49ce51b4c237589747a20ce16708d4bf3213e061b#rd,2018-09-03 21:14:24
47,<em>第一财经</em>独家专访明尼苏达州警方：刘强东获释不代表无罪,http://mp.weixin.qq.com/s?__biz=MjM5MTM3NTMwNA==&mid=2660861172&idx=1&sn=a46915c7f914ee9966f770cf5a7109cd&chksm=bddbae538aac2745b9b50d071bee7a23df7cb894fff2e95181d3d315fb174302e62126c8afbd#rd,2018-09-03 09:31:06
,title,link,create_time
0,<em>第一财经</em>研究院本周起发布“中国金融条件指数”,http://mp.weixin.qq.com/s?__biz=MjM5MTM3NTMwNA==&mid=2660843343&idx=4&sn=43fb030df20b8004df19a5d8baf97bf0&chksm=bddb15e88aac9cfe1f8bbf0420fdf1738907e51ca2250790fc89c22fc4e4e34eb908080700ba#rd,2018-08-30 20:33:36
1,<em>第一财经</em>研究院本周起发布“中国金融条件指数”,http://mp.weixin.qq.com/s?__biz=MjM5MTM3NTMwNA==&mid=2660904283&idx=2&sn=b7da1499caaec68fe7a9d8e56695a591&chksm=bdd807fc8aaf8eea5fa24587de0008aee8ad0b59e677d5716e6c14e995a2db9abca978c1921f#rd,2018-08-30 18:58:00
2,腾讯安全联合<em>第一财经</em>重磅发布《2018上半年互联网金融安全报告》,http://mp.weixin.qq.com/s?__biz=MjM5MTM3NTMwNA==&mid=2660861180&idx=4&sn=2e185665ca23ebe02769e572415258c7&chksm=bddbae5b8aac274d74acac9857de2798d13186e82143bed635293f6a1c516bef1b8073b98506#rd,2018-08-30 18:14:20
3,腾讯安全联合<em>第一财经</em>重磅发布《2018上半年互联网金融安全报告》,http://mp.weixin.qq.com/s?__biz=MjM5MTM3NTMwNA==&mid=2660843335&idx=4&sn=d491ddb7a8bf95db66eaffb0b7e488f0&chksm=bddb15e08aac9cf62cdc388a3588da380780b90cbfc90fc2254c446e27471cf4ff283687fd18#rd,2018-08-29 20:35:57
4,2018<em>第一财经</em>中国理财精英评选获奖名单,http://mp.weixin.qq.com/s?__biz=MjM5MTM3NTMwNA==&mid=2660843279&idx=4&sn=cbda745e89bab1de85f7586ac600aee9&chksm=bddb15a88aac9cbe5013e65c64e3bcd735983a93d4eaa14d8f040d34a6ae2812d258d0122df1#rd,2018-08-20 20:36:36
5,《商业•洞察》新书首发，<em>第一财经</em>记者揭示商业新闻背后的价值,http://mp.weixin.qq.com/s?__biz=MjM5MTM3NTMwNA==&mid=2660843259&idx=4&sn=c9e0273f728908ffe368150f5d6fb871&chksm=bddb145c8aac9d4a42c9fe2a3d6f7f8d818d0bfe4bf79980a4c45e344d22730d2ceec5482bb5#rd,2018-08-15 20:50:20
6,《商业•洞察》新书首发，<em>第一财经</em>记者揭示商业新闻背后的价值,http://mp.weixin.qq.com/s?__biz=MjM5MTM3NTMwNA==&mid=2660861221&idx=4&sn=9ecf1124da4f9d7eaf19aad960350e68&chksm=bddbaf828aac2694b7e725f5ecd7517c3800b9e9d92968dffc413115c6504e2c4f54e38dd870#rd,2018-08-15 17:52:34
7,2018年度最重磅 |《<em>第一财经</em>周刊》“中国创投机构排行榜”揭晓！,http://mp.weixin.qq.com/s?__biz=MjM5MTM3NTMwNA==&mid=2660843222&idx=5&sn=173cf7e43b02556de2d42410b890d53c&chksm=bddb14718aac9d67ba5e4bef16563abf12e7c4890aa9701c1c625b9f7830c1645387459fb9ef#rd,2018-08-10 18:42:42
8,2018年度最重磅 |《<em>第一财经</em>周刊》“中国创投机构排行榜”揭晓！,http://mp.weixin.qq.com/s?__biz=MjM5MTM3NTMwNA==&mid=2660861232&idx=4&sn=2fb75409aaf156f6f7fe074e316ea7db&chksm=bddbaf978aac26810a65eb25d6379f16544bec32787c8e68ac44d78f4768c282569ec80efd76#rd,2018-08-10 17:31:42
9,眼见虽为实，耳听不为虚！<em>第一财经</em>APP最新“听电视”功能上线,http://mp.weixin.qq.com/s?__biz=MjM5MTM3NTMwNA==&mid=2660861256&idx=4&sn=eadf56beb72cc082011e98f8f045e392&chksm=bddbafef8aac26f926e346e3dad0db1d22334c55ad08eb3ed451d16df1bdd9ccec81a0d8f5ad#rd,2018-08-01 17:19:36
10,并购恩智浦，高通独家回应<em>第一财经</em>：结束了,http://mp.weixin.qq.com/s?__biz=MjM5MTM3NTMwNA==&mid=2660843119&idx=4&sn=9ca0d6ca87bed75130de7db33b2868ef&chksm=bddb14c88aac9ddeb7f0d5caaed17a3da9a3582be8b4027da1aaaf6b16e99b1f6b424e89a92f#rd,2018-07-26 19:37:44
11,并购恩智浦，高通独家回应<em>第一财经</em>：结束了,http://mp.weixin.qq.com/s?__biz=MjM5MTM3NTMwNA==&mid=2660861270&idx=1&sn=b17e08ee33c56c6011bb2e80778caca7&chksm=bddbaff18aac26e7ba59e39c0d770263dc6c45222c38cf5f26f0ab58ffd606ba9132a6a3a5c9#rd,2018-07-26 13:04:44
12,2018<em>第一财经</em>中国理财精英评选复赛擂鼓开战，竞逐理财师行业至高荣誉,http://mp.weixin.qq.com/s?__biz=MjM5MTM3NTMwNA==&mid=2660904313&idx=2&sn=00d038f31b504bc3057c0aace9611b49&chksm=bdd807de8aaf8ec8cac8e144620f023ad71b949990025f230958c294881132b106b0101ce611#rd,2018-07-19 18:58:00
13,2018<em>第一财经</em>中国理财精英评选复赛擂鼓开战，竞逐理财师行业至高荣誉,http://mp.weixin.qq.com/s?__biz=MjM5MTM3NTMwNA==&mid=2660904314&idx=2&sn=8b8f3b9910230083a660d64bb23e60e3&chksm=bdd807dd8aaf8ecb56bccd68a025b4890cc0305b57e162da58caf59e85da7c872ac18e1cdf61#rd,2018-07-18 22:25:40
14,美参议院通过提案限制特朗普关税权力，参议院对<em>第一财经</em>这样说,http://mp.weixin.qq.com/s?__biz=MjM5MTM3NTMwNA==&mid=2660843013&idx=1&sn=1340f1a9185e0b1f901943992022d32c&chksm=bddb14a28aac9db4c165a78f9f19d7c5d71bb969ec9a32aa4279151f73163d0d8bacfdf104ab#rd,2018-07-12 17:08:35
15,美参议院通过提案限制特朗普关税权力，参议员这样对<em>第一财经</em>说,http://mp.weixin.qq.com/s?__biz=MjM5MTM3NTMwNA==&mid=2660861307&idx=1&sn=8a27f5b5e7b6dfed2e278557376ee251&chksm=bddbafdc8aac26ca0129a61f40df710cece855f02a95d3c3a6750580290a05960d975e4ed23f#rd,2018-07-12 13:42:48
16,庆祝<em>第一财经</em>成立15周年，凝心聚焦聚力再出发,http://mp.weixin.qq.com/s?__biz=MjM5MTM3NTMwNA==&mid=2660861313&idx=4&sn=bd6a3ad4c8b47ed788fc82f42ccbbbff&chksm=bddbaf268aac26302da294b0a7369efa1915a2d5080dc4799f199baf78b1fbc83d143c6e8173#rd,2018-07-10 17:12:42
17,庆祝<em>第一财经</em>成立15周年 凝心聚焦聚力再出发,http://mp.weixin.qq.com/s?__biz=MjM5MTM3NTMwNA==&mid=2660842997&idx=1&sn=546c9b6b881f4ec48ccc7b6e6ce3f617&chksm=bddb17528aac9e44c18efe4acf9cfcaf6983c9844b21b01bbd63475c9e11e7ba4b3e0fa5f3aa#rd,2018-07-09 22:21:50
18,寻找新十年的仁商典范 | 2018<em>第一财经</em>·中国企业社会责任榜正式启动,http://mp.weixin.qq.com/s?__biz=MjM5MTM3NTMwNA==&mid=2660879648&idx=3&sn=d7835f5a141ddc05ff4bf884828fd59d&chksm=bddbe7878aac6e91a41bcc1841f444863ffd7a9f1feef254b9884b674adb5379e865279a48b4#rd,2018-07-04 18:14:21
19,寻找新十年的仁商典范 | 2018<em>第一财经</em>·中国企业社会责任榜正式启动,http://mp.weixin.qq.com/s?__biz=MjM5MTM3NTMwNA==&mid=2660842932&idx=4&sn=07c96c4edd53f336ae3d8cace25f69ae&chksm=bddb17138aac9e052047ae8c6a01c7ae855a441a3892b2a0b3a3ec421739af1ec8b4f43625b2#rd,2018-07-03 17:24:52
20,寻找新十年的仁商典范 | 2018<em>第一财经</em>·中国企业社会责任榜正式启动,http://mp.weixin.qq.com/s?__biz=MjM5MTM3NTMwNA==&mid=2660861330&idx=5&sn=24203a8d15ee759bec2b8b508eb23b18&chksm=bddbaf358aac2623b16cf07195cd90dddf44fc79b43b06cad751627485808145872ab92dfb68#rd,2018-07-03 17:22:52
21,从中国到世界：<em>第一财经</em>•2018中国企业全球影响力评选正式启动,http://mp.weixin.qq.com/s?__biz=MjM5MTM3NTMwNA==&mid=2660861337&idx=3&sn=0c8f9f7a6ac5214ef595383ea99856c9&chksm=bddbaf3e8aac262801104f63af9d5beda0c7af39c9ec04b3c63adc7c0b88a5546ee30271d695#rd,2018-06-29 22:14:46
22,从中国到世界：<em>第一财经</em>•2018中国企业全球影响力评选正式启动,http://mp.weixin.qq.com/s?__biz=MjM5MTM3NTMwNA==&mid=2660842878&idx=4&sn=8904f3a018f574b2d955180747aa2e26&chksm=bddb17d98aac9ecf74390614c26b15d0014513f30247e9c24642aa269fb3dffce5c8a289d124#rd,2018-06-28 17:44:27
23,万千种理想生活都有<em>一</em>个理想厨房 | <em>第一财经</em>周刊X西门子家电,http://mp.weixin.qq.com/s?__biz=MjM5MTM3NTMwNA==&mid=2660861361&idx=1&sn=998d0a2ebd62988f873adfea23b2db67&chksm=bddbaf168aac2600c777f3701de6e47f98746b3259d931f16d1abf84d1f240c66f2ad2c4eccb#rd,2018-06-20 17:14:44
24,用场景语言创造价值内容，<em>第一财经</em>荣获金瑞奖“企业服务创新奖”,http://mp.weixin.qq.com/s?__biz=MjM5MTM3NTMwNA==&mid=2660861399&idx=4&sn=2aeed53d040abcffa275840386e0aa3c&chksm=bddbaf708aac266633014afa0a5225df6241b8a4bd21433dc2f224fec6c57f0f9dcd93896ac9#rd,2018-06-04 22:11:40
25,<em>第一财经</em>招聘 | 懂运营会推广的GGMM进！,http://mp.weixin.qq.com/s?__biz=MjM5MTM3NTMwNA==&mid=2660861414&idx=4&sn=8db910609cc0be8e815a8a7c60ed1318&chksm=bddbaf418aac2657610e701bfab6d7ee04ec82aa65f39fd6ed0d709f5fe6b46f3bd2ce105426#rd,2018-05-29 22:12:13
26,懂运营会推广的GGMM进！| <em>第一财经</em>招聘,http://mp.weixin.qq.com/s?__biz=MjM5MTM3NTMwNA==&mid=2660879684&idx=4&sn=9616500708cb5b8e734f73112a68f005&chksm=bddbe7e38aac6ef5da10d78da12b5efb9fd38c34728ddd51e2cc9433129107052c1709e6fff7#rd,2018-05-29 21:46:48
27,用场景语言创造价值内容 <em>第一财经</em>荣获金瑞奖“企业服务创新奖”,http://mp.weixin.qq.com/s?__biz=MjM5MTM3NTMwNA==&mid=2660842648&idx=4&sn=5da79fecb01edd56e66ce13784604e55&chksm=bddb163f8aac9f291148d9776e52b9fd190671813916d4636e713dcbde52835c08d33ee89141#rd,2018-05-29 18:45:43
28,“2018<em>第一财经</em>• RFP中国理财精英评选”金融知识争霸赛火热开启，谁将问鼎“中国最佳理财师”？,http://mp.weixin.qq.com/s?__biz=MjM5MTM3NTMwNA==&mid=2660904344&idx=2&sn=5a638218ad198ad7337e8f0401508b84&chksm=bdd8073f8aaf8e29cb05ead381cf6ffa40ed527c187586ea4ef4465d2dca3723249b30e3d8b6#rd,2018-05-24 18:58:00
29,“2018<em>第一财经</em>• RFP中国理财精英评选”金融知识争霸赛火热开启，谁将问鼎“中国最佳理财师” ？,http://mp.weixin.qq.com/s?__biz=MjM5MTM3NTMwNA==&mid=2660842577&idx=5&sn=0290f4c791349407cd5645761afe7552&chksm=bddb16f68aac9fe06fcfdd3375860d636906e8dc318a53557809c923a7ed48f499cb02542419#rd,2018-05-23 18:42:22
30,中国软装意识变迁趋势洞察报告 | <em>第一财经</em>周刊 × 美克美家,http://mp.weixin.qq.com/s?__biz=MjM5MTM3NTMwNA==&mid=2660861450&idx=4&sn=4498df21c183318ae4540f5158b77525&chksm=bddbacad8aac25bbfa2f619b5cd830539d73985e76d90bd81272d779fbcf788358f208a899d8#rd,2018-05-15 14:29:03
31,2018<em>第一财经</em>中国理财精英评选启动 理财师最高荣誉等你来挑战,http://mp.weixin.qq.com/s?__biz=MjM5MTM3NTMwNA==&mid=2660842502&idx=4&sn=af83a57ef4df279caec1191b1494b7bf&chksm=bddb16a18aac9fb76cae4a262811a5bc32142f932430bfc1fc5ca337bb5a529345004f120447#rd,2018-05-11 17:33:03
32,中外专家汇聚中宏保险财富论坛，<em>第一财经</em>全程直播，不容错过！,http://mp.weixin.qq.com/s?__biz=MjM5MTM3NTMwNA==&mid=2660861498&idx=5&sn=96245aef801e01cc6f37a6950641d8b1&chksm=bddbac9d8aac258b0edf7cfa0e1407f1c7b3640a50371d399c4f56a0f7f779dc99e3e213eaa9#rd,2018-04-24 17:24:43
33,为什么说，你的家装饰成什么样，你就是什么样 | <em>第一财经</em>周刊  x 美克美家,http://mp.weixin.qq.com/s?__biz=MjM5MTM3NTMwNA==&mid=2660861506&idx=4&sn=0f0846a666404fe66ddd052847fa660f&chksm=bddbace58aac25f372888abe2fd0ff2a7a7bf26d4cbbca48c3451754bbf4be9eface336a9679#rd,2018-04-20 14:01:39
34,鲸准产业价值峰会AI专场 联合<em>第一财经</em>共探AI商业模式,http://mp.weixin.qq.com/s?__biz=MjM5MTM3NTMwNA==&mid=2660842171&idx=5&sn=bcbca3390ed461b4f7ba98115ad42097&chksm=bddb101c8aac990aa86d6fb4d27e0fc41c4bf257af5522427c8032792f0088c0c8109d4b0304#rd,2018-03-28 19:37:35
35,中国<em>财经</em>新媒体行业洞察报告发布 <em>第一财经</em>领势而行,http://mp.weixin.qq.com/s?__biz=MjM5MTM3NTMwNA==&mid=2660842159&idx=4&sn=f78d4587e7a405abaa0f1420821e4cf0&chksm=bddb10088aac991e29cdd0ed39d8b7fe31e25073db8d79db48ea4c4d1a9d229fd160d47df07f#rd,2018-03-27 17:06:45
36,中国<em>财经</em>新媒体行业洞察报告发布 <em>第一财经</em>领势而行,http://mp.weixin.qq.com/s?__biz=MjM5MTM3NTMwNA==&mid=2660861566&idx=5&sn=767e3ba5d97511b7a0d11c8dde3f1425&chksm=bddbacd98aac25cfe1aacd5c9ece2e52f9cc7808f3348e4aeded3a7151172f529b1e50d0c1d1#rd,2018-03-27 16:42:53
37,<em>第一财经</em>携手芝士超人 媒体专场“小年”答题送福利,http://mp.weixin.qq.com/s?__biz=MjM5MTM3NTMwNA==&mid=2660841905&idx=1&sn=644a7e91e055d1758581afa42af74a83&chksm=bddb13168aac9a006e7f133703f222438adb61aff3e1143899711de891c3c1be12243111ca5c#rd,2018-02-09 20:00:00
38,关注 | <em>第一财经</em>荣获首届“中国资本市场新闻报道优秀作品”<em>一</em>等奖,http://mp.weixin.qq.com/s?__biz=MjM5MTM3NTMwNA==&mid=2660841879&idx=2&sn=1ad63e74e38f8ca5e8fea2cebd5493df&chksm=bddb13308aac9a26fc239fa4d1b5e1bfae17a81915a8cca83dd04ddf6996d5226fe830bcca0d#rd,2018-01-29 20:05:40
,title,link,create_time
0,<em>第一财经</em> 深圳<em>财经</em>生活频道深度合作 携手同行！,http://mp.weixin.qq.com/s?__biz=MjM5MTM3NTMwNA==&mid=2660861734&idx=3&sn=367dfc27f372eccff2f81fd02762ceb7&chksm=bddbad818aac24979a8bdb8ebe471469a9bcfd8a8ddf7df8a347e4336642a4b1ff7091d50c02#rd,2018-01-16 06:28:00
1,预告 ｜ 2018 <em>第一财经</em>（香港）金融峰会即将举办,http://mp.weixin.qq.com/s?__biz=MjM5MTM3NTMwNA==&mid=2660841818&idx=2&sn=d98d6781570b9bf12b87c124dbdf0cfe&chksm=bddb13fd8aac9aeb59788926256ca5c7e62799d158ebac50cdc00a6ce8e13b60c45cef74c77f#rd,2018-01-15 20:00:00
2,清迷雾，识变局，寻突围 2017<em>第一财经</em>•地产汇年度峰会暨年度颁奖盛典火热召开,http://mp.weixin.qq.com/s?__biz=MjM5MTM3NTMwNA==&mid=2660904390&idx=2&sn=6424798d2ae37e8f8841e08e7af6b727&chksm=bdd807618aaf8e779643491bec043d011bf1e1bf45c2379a5b194d05d187c01d7b330de1bc08#rd,2017-12-23 17:28:03
3,“<em>第一财经</em>金融价值榜”榜单揭晓 中银消费金融摘得“最佳行业影响力消费金融公司”奖项,http://mp.weixin.qq.com/s?__biz=MjM5MTM3NTMwNA==&mid=2660861796&idx=6&sn=ccced5801606736c959a966f74bbffc4&chksm=bddbadc38aac24d5ddcfcec031dfda6171add8c83202b3e252cc55ff4340ec5b82f8c7e67cca#rd,2017-12-22 18:41:00
4,清迷雾，识变局，寻突围 2017<em>第一财经</em>•地产汇年度峰会暨年度颁奖盛典火热召开,http://mp.weixin.qq.com/s?__biz=MjM5MTM3NTMwNA==&mid=2660861801&idx=4&sn=31c3c17b34e701dc56d9207ed261f713&chksm=bddbadce8aac24d81ef594da7dba469f17f94f319aacca0f6dcb8fe24bcbdd5c5f6510502f48#rd,2017-12-20 22:17:31
5,清迷雾，识变局，寻突围 2017<em>第一财经</em>•地产汇年度峰会暨年度颁奖盛典火热召开,http://mp.weixin.qq.com/s?__biz=MjM5MTM3NTMwNA==&mid=2660841762&idx=1&sn=d51b932867aaab81abf88af645af6a08&chksm=bddb13858aac9a93d00eb9cba805f09e522118054df1ac0b6934a9a0344da372653ba7dfd1ea#rd,2017-12-20 20:19:15
6,【互金行业年会】网贷之家携手<em>第一财经</em>并机直播，给你好看！,http://mp.weixin.qq.com/s?__biz=MjM5MTM3NTMwNA==&mid=2660861813&idx=4&sn=2610a5f31b56038dc0153f0e8c499388&chksm=bddbadd28aac24c4279c7fb135a3f01279b36ff92f3dac0d35aaf14827c49cda6c707ebc0c9d#rd,2017-12-16 19:57:50
7,“壳”动未来，各尽奇“能”—— 壳牌携手<em>第一财经</em>邀您共赴智慧能源创想大会,http://mp.weixin.qq.com/s?__biz=MjM5MTM3NTMwNA==&mid=2660861815&idx=5&sn=38bc3d3c900b718bf65fbdcf7bf21b9f&chksm=bddbadd08aac24c6476269bac5bda603d364100ec72582b207d8ee710aa91a5eafa66853f729#rd,2017-12-15 18:38:56
8,光明乳业荣获“2017<em>第一财经</em>·中国企业社会责任榜”优秀实践奖,http://mp.weixin.qq.com/s?__biz=MjM5MTM3NTMwNA==&mid=2660861822&idx=6&sn=5a9a32faab9b1acef4f916e90dde3d9d&chksm=bddbadd98aac24cf4c3cde0ca48454811b6f62985032775ef2b9dd6231f31a31b391f117f416#rd,2017-12-13 19:12:59
9,“壳”动未来，各尽奇“能”—— 壳牌携手<em>第一财经</em>邀您共赴智慧能源创想大会,http://mp.weixin.qq.com/s?__biz=MjM5MTM3NTMwNA==&mid=2660861825&idx=5&sn=b47659ae38ff018e27aecd7afc5ad5ab&chksm=bddbad268aac2430e5a51e9925d13afcbe9fe1badf2860f9ef70dde4ca1bab321695c519c4ba#rd,2017-12-12 18:56:05
10,聚焦 | 2017<em>第一财经</em>•中国企业社会责任榜盛大揭晓,http://mp.weixin.qq.com/s?__biz=MjM5MTM3NTMwNA==&mid=2660861826&idx=3&sn=7049ede8f4741ea27e49f4fd2e9bd2d0&chksm=bddbad258aac2433097c160cb63208eafdde28e0b131d20a51e856b4ed46567018bac42bd311#rd,2017-12-12 06:47:00
11,聚焦 | 2017<em>第一财经</em>•中国企业社会责任榜盛大揭晓,http://mp.weixin.qq.com/s?__biz=MjM5MTM3NTMwNA==&mid=2660879859&idx=4&sn=343b893f7625ad36d8e0226472bf90e0&chksm=bddbe7548aac6e42caa709d51df935c8ca47211433cf83962641330da3b6a7565ee0b4f47e84#rd,2017-12-11 19:02:12
12,2017<em>第一财经</em>•摩根大通年度金融书籍榜单揭晓,http://mp.weixin.qq.com/s?__biz=MjM5MTM3NTMwNA==&mid=2660904394&idx=4&sn=1360bfd0287fa85f893cadbd889cceff&chksm=bdd8076d8aaf8e7baf974f2f456cc564ebbfb10ce23496eedc88a446af9614d29d3db5194e45#rd,2017-12-09 10:39:44
13,2017<em>第一财经</em>金融年会季圆满收官：伴随大金融周期轨迹前行,http://mp.weixin.qq.com/s?__biz=MjM5MTM3NTMwNA==&mid=2660904394&idx=3&sn=985d48bba74e5cbf9e0f67ad14dced82&chksm=bdd8076d8aaf8e7b581e63f37272f50c12cf79ce9444951caaf471c6e909640c5ea2ef060aad#rd,2017-12-09 10:39:44
14,2017<em>第一财经</em>•中国企业社会责任榜盛大揭晓,http://mp.weixin.qq.com/s?__biz=MjM5MTM3NTMwNA==&mid=2660904394&idx=1&sn=3b1075a1fe82332baef9123541e777b6&chksm=bdd8076d8aaf8e7b97cd52e63954c9ca88e031c20631023a5febd1e83bc0e8139389e9024b78#rd,2017-12-09 10:39:44
15,聚焦 | 2017<em>第一财经</em>•中国企业社会责任榜盛大揭晓,http://mp.weixin.qq.com/s?__biz=MjM5MTM3NTMwNA==&mid=2660841705&idx=2&sn=e366d6a2f16c2079a7ae9f4180c92241&chksm=bddb124e8aac9b5840904dca9124adacde44ae2c5830226c088014c23ef668fc7720628e5242#rd,2017-12-08 21:01:31
16,2017<em>第一财经</em>金融年会季圆满收官：伴随大金融周期轨迹前行,http://mp.weixin.qq.com/s?__biz=MjM5MTM3NTMwNA==&mid=2660841683&idx=1&sn=565a14af64117cb08de26aef4eeebe43&chksm=bddb12748aac9b62c505a39913ecca134ff3d23731becbe7420ac5063894112bbb40f4c82ae9#rd,2017-12-06 20:00:00
17,2017<em>第一财经</em>•摩根大通年度金融书籍榜单揭晓,http://mp.weixin.qq.com/s?__biz=MjM5MTM3NTMwNA==&mid=2660841679&idx=1&sn=1bd6941b6795c36cb6ed8d8c4f578939&chksm=bddb12688aac9b7ea58d88cf0b7a83c615d0e526bd59d76f6844c5d66365abd82360e2d63f1e#rd,2017-12-05 20:00:00
18,兴业信托获评<em>第一财经</em>“最佳绿色信托机构”,http://mp.weixin.qq.com/s?__biz=MjM5MTM3NTMwNA==&mid=2660861842&idx=4&sn=4f39d1c341bff3b367f41f9496c99ba5&chksm=bddbad358aac2423c475ef6db2af39d0299376522d9f7b08e58ccf8b9eb1230247c251d27d89#rd,2017-12-05 17:14:55
19,聚焦 | 2017<em>第一财经</em>•摩根大通年度金融书籍榜单揭晓,http://mp.weixin.qq.com/s?__biz=MjM5MTM3NTMwNA==&mid=2660841674&idx=3&sn=6670eeae2132a32f2090fae29063407a&chksm=bddb126d8aac9b7b450ac9b887c8698e6905df2289ee079b9d36e008ff96cd19bfa22e7f7f30#rd,2017-12-04 20:31:53
20,关注 | 2017<em>第一财经</em>金融科技峰会开幕  专家激辩数字货币,http://mp.weixin.qq.com/s?__biz=MjM5MTM3NTMwNA==&mid=2660841674&idx=2&sn=b1f7bca2d4da7548ddd890f21897965b&chksm=bddb126d8aac9b7bfa1f0d416d2c813f865213fde858164e0d59b39c9dd521212f47bea3b31f#rd,2017-12-04 20:31:53
21,凝心铸魂 回归成长丨2017<em>第一财经</em>新三板峰会暨 <em>第</em>四届“华新奖”颁奖盛典（12.5@北京）,http://mp.weixin.qq.com/s?__biz=MjM5MTM3NTMwNA==&mid=2660841674&idx=1&sn=3d496c54ecb9354823bd935df690c961&chksm=bddb126d8aac9b7bca15245402f94850f02d84c5a3febefc7a72707a4f96269100dd09fab989#rd,2017-12-04 20:31:53
22,2017<em>第一财经</em>新三板峰会 | 报名,http://mp.weixin.qq.com/s?__biz=MjM5MTM3NTMwNA==&mid=2660879866&idx=4&sn=2a386d176a6edcbbcf3a063bfc1acf70&chksm=bddbe75d8aac6e4b52c20ce74943a3ddc4a74dcc47e6b5c24177ec6e9bcd00a4cd61cdee56d2#rd,2017-12-04 19:28:46
23,【活动报名】凝心铸魂 回归成长丨2017<em>第一财经</em>新三板峰会暨 <em>第</em>四届“华新奖”颁奖盛典（12.5@北京）,http://mp.weixin.qq.com/s?__biz=MjM5MTM3NTMwNA==&mid=2660861846&idx=4&sn=2d6687e25328bfb7d8a65172e29f166b&chksm=bddbad318aac24276365ab2a936fb3f0bcda8e269ed92fbc9736f481e852c99b12933cf2a6a0#rd,2017-12-04 18:01:56
24,2017<em>第一财经</em>• CSR年度盛典即将盛大开幕,http://mp.weixin.qq.com/s?__biz=MjM5MTM3NTMwNA==&mid=2660904395&idx=3&sn=30f7e31d48288a43661643d4555a2b22&chksm=bdd8076c8aaf8e7a82ad83d393a2e4486e953236a25789d9008684eb7c300b45ec90f232ee04#rd,2017-12-04 17:56:26
25,2017<em>第一财经</em>金融年会启动 系列榜单揭晓,http://mp.weixin.qq.com/s?__biz=MjM5MTM3NTMwNA==&mid=2660904395&idx=1&sn=d30150bc6a1d464836ae60e91d997ded&chksm=bdd8076c8aaf8e7a6b10dadc0472792a0a64895057c888063b6091c6a54d18253b918f1e18d4#rd,2017-12-04 17:56:26
26,<em>第一财经</em>金融价值榜揭晓   “年度信用卡品牌”花落建行,http://mp.weixin.qq.com/s?__biz=MjM5MTM3NTMwNA==&mid=2660861849&idx=5&sn=1355fa21400141a60a138e7045ae1cf7&chksm=bddbad3e8aac2428519c365e235d0d16bb7dbc94e78c0b405e7d3debbf1a4c661713d9a3c42b#rd,2017-12-03 22:04:44
27,2017<em>第一财经</em>金融年会启动 系列榜单揭晓,http://mp.weixin.qq.com/s?__biz=MjM5MTM3NTMwNA==&mid=2660841630&idx=1&sn=40fd5403fadae2675911f5e8c34c124c&chksm=bddb12398aac9b2fc5187dfcabd4a1e970a98a5f117dd12fd9ca68cf510884a908a3a1bc3854#rd,2017-12-03 18:16:09
28,<em>第一财经</em>与您相约乌镇世界互联网大会,http://mp.weixin.qq.com/s?__biz=MjM5MTM3NTMwNA==&mid=2660841619&idx=1&sn=f147d4cc6826ff67ccaf0bc4de59f56f&chksm=bddb12348aac9b227faceb1e934814f47251d811403fdb012312f2b6a2369221efd5afc8a3ee#rd,2017-12-02 20:00:00
29,<em>第一财经</em>与您相约乌镇世界互联网大会｜推广,http://mp.weixin.qq.com/s?__biz=MjM5MTM3NTMwNA==&mid=2660879868&idx=3&sn=22e1c0aa43e856d0b891bfb868caa92e&chksm=bddbe75b8aac6e4db08991f15bafd7d7a169d96d665478325b6a09ab8b12033dc53c8b337ebc#rd,2017-12-02 17:13:00
30,势在前行 2017<em>第一财经</em>年度峰会在沪举办,http://mp.weixin.qq.com/s?__biz=MjM5MTM3NTMwNA==&mid=2660861852&idx=5&sn=30308f11dd91cbb3cbc3b972b0d38b43&chksm=bddbad3b8aac242d9aab37bf6eb238888c8e7d1b585ec6fbe54a98790f327c7aca235695e9ed#rd,2017-12-01 17:01:47
31,报名 | 2017<em>第一财经</em>• CSR年度盛典即将盛大开幕（12.8@上海）,http://mp.weixin.qq.com/s?__biz=MjM5MTM3NTMwNA==&mid=2660861854&idx=3&sn=05e16cb54816eefb858634664b399fdc&chksm=bddbad398aac242ff47088e4edcf771d1b71133a941952fb0f05c76a022a8b33727b5c739552#rd,2017-11-30 22:26:48
32,聚焦 | <em>一</em>天时间，<em>一</em>个空间，体验中国互联网消费升级的<em>一</em>整年 ——未来狂享曲·<em>第一财经</em>数据盛典邀你来共“奏”！,http://mp.weixin.qq.com/s?__biz=MjM5MTM3NTMwNA==&mid=2660841615&idx=3&sn=98a642ff316802bfce4d93873e99b7fe&chksm=bddb12288aac9b3e723b878b278c3944867288cdbf2ffc9cd9238f03eafb4d07d51ea672732d#rd,2017-11-30 20:00:00
33,报名 | 2017<em>第一财经</em>• CSR年度盛典即将盛大开幕（12.8@上海）,http://mp.weixin.qq.com/s?__biz=MjM5MTM3NTMwNA==&mid=2660841615&idx=2&sn=7e6e87680ee59706a97036a8ef7eaba8&chksm=bddb12288aac9b3e4cd9976cd57837d639e01e9d343441ce360f1e9d1eea4bd6fa58de6da2ec#rd,2017-11-30 20:00:00
34,势在前行 2017<em>第一财经</em>年度峰会在沪举办,http://mp.weixin.qq.com/s?__biz=MjM5MTM3NTMwNA==&mid=2660841615&idx=1&sn=91e0bdb2a8e2414d9a1daa00f0df0514&chksm=bddb12288aac9b3ef1a3bf83513506c56680d8c167f14484234ef40ea94b1d52b0685b258940#rd,2017-11-30 20:00:00
35,报名 | 2017<em>第一财经</em>• CSR年度盛典即将盛大开幕（12.8@上海）,http://mp.weixin.qq.com/s?__biz=MjM5MTM3NTMwNA==&mid=2660879870&idx=4&sn=7811c50bfea87a75f82c92885d7496e1&chksm=bddbe7598aac6e4ff53cf251b0435e047c10f336870cda1fee05d337002af354121fc3f60c2c#rd,2017-11-30 19:49:25
36,融合·创新·新生态 2017<em>第一财经</em>金融科技峰会（北京）报名开启,http://mp.weixin.qq.com/s?__biz=MjM5MTM3NTMwNA==&mid=2660841579&idx=1&sn=dec0e71cf21b53118d6e1421d217e177&chksm=bddb12cc8aac9bda5b9e4a2342b1f6768b91ebc050f6b55771ee4e9163e4cbf92f2e55cc5a38#rd,2017-11-27 20:00:00
37,融合·创新·新生态 2017<em>第一财经</em>金融科技峰会（北京）报名开启,http://mp.weixin.qq.com/s?__biz=MjM5MTM3NTMwNA==&mid=2660904396&idx=2&sn=683d1b9a5e4470aa49d4fb7e0d64d140&chksm=bdd8076b8aaf8e7d9d73788f9e1248f1f94ad055c2f0171c35fca44ebfee4ab8a66133d4f8e7#rd,2017-11-27 18:26:41
38,融合·创新·新生态 2017<em>第一财经</em>金融科技峰会（北京）报名开启,http://mp.weixin.qq.com/s?__biz=MjM5MTM3NTMwNA==&mid=2660861864&idx=4&sn=4223d7beddf3a481752ee470d85de8e4&chksm=bddbad0f8aac241996b1134e0922b3bebe5c867e7e98a7c1fe78df0e33f8eb57ec678a25b526#rd,2017-11-27 17:38:57
39,2016<em>第一财经</em>•中国最佳商业领袖奖荣耀回顾,http://mp.weixin.qq.com/s?__biz=MjM5MTM3NTMwNA==&mid=2660841568&idx=1&sn=5a64dd7decf59360404c2c687bdf5f11&chksm=bddb12c78aac9bd1cb05ff3a21ac006108f57fdacf7635917f9bb3648c2394192f1c74ad73a8#rd,2017-11-24 20:00:00
40,抢票｜60个特别席位与<em>第一财经</em>年度峰会创新领袖面对面,http://mp.weixin.qq.com/s?__biz=MjM5MTM3NTMwNA==&mid=2660861870&idx=5&sn=36905604e75cc96923884d50dbff3e84&chksm=bddbad098aac241f12525b157d1c75286a7d529424e5652333e054d622753ff9f174364c158c#rd,2017-11-24 17:37:13
41,抢票｜60个特别席位与<em>第一财经</em>年度峰会创新领袖面对面,http://mp.weixin.qq.com/s?__biz=MjM5MTM3NTMwNA==&mid=2660841564&idx=1&sn=9724edae4ae581fe772a3d446e89b5c1&chksm=bddb12fb8aac9bedfb4c16d01d4fe63376b7bdf11fe561ea0413a0fd8e45079196657c2d6dea#rd,2017-11-23 20:19:38
,title,link,create_time
0,十二年了， 当<em>第一财经</em>谈论领导力时， 我们谈的是什么？,http://mp.weixin.qq.com/s?__biz=MjM5MTM3NTMwNA==&mid=2660861881&idx=4&sn=a5a516bbbd2f945eaa2aa11d8dce511e&chksm=bddbad1e8aac240890a003a2b9045a5366970b4feba079cdacf46e7300b34a1d36037e0b7a82#rd,2017-11-20 22:50:20
1,十二年了， 当<em>第一财经</em>谈论领导力时， 我们谈的是什么？,http://mp.weixin.qq.com/s?__biz=MjM5MTM3NTMwNA==&mid=2660841553&idx=1&sn=2f3f6a05642ef6308098261699c97b50&chksm=bddb12f68aac9be0955e7d7d292b82f98b2118ed04c16e1d234a7d3edc27f207e1f1d6e94e96#rd,2017-11-20 20:00:00
2,十二年了， 当<em>第一财经</em>谈论领导力时， 我们谈的是什么？,http://mp.weixin.qq.com/s?__biz=MjM5MTM3NTMwNA==&mid=2660841551&idx=1&sn=3bc22b3ff26cdc3b9d13b4d48c429fc7&chksm=bddb12e88aac9bfe0923a1883bfae646afc94eea96b7ec6853439cb4ab0f2080fc342df86304#rd,2017-11-17 20:00:00
3,新起点，新改革 <em>第一财经</em>日报创刊13周年,http://mp.weixin.qq.com/s?__biz=MjM5MTM3NTMwNA==&mid=2660841545&idx=1&sn=5fdc866569836d86c9539a2f88d36556&chksm=bddb12ee8aac9bf87c3ff44b9f7ab63f51e617cfa4279b09849a36db396fd65462ecb80fc8d2#rd,2017-11-15 20:00:00
4,<em>第一财经</em>技术与创新大会首次移师深圳,http://mp.weixin.qq.com/s?__biz=MjM5MTM3NTMwNA==&mid=2660879896&idx=4&sn=ebc8898607afabdd1063a0f0181dbef1&chksm=bddbe4bf8aac6da998a90ed2b3e40df0b219e158e9ff67ec268e5ae79dacdfc352f441130762#rd,2017-11-03 23:08:27
5,聚焦 | <em>第一财经</em>首次发布中国最佳发明奖 （China Best Inventions）,http://mp.weixin.qq.com/s?__biz=MjM5MTM3NTMwNA==&mid=2660841526&idx=2&sn=14187eba767f74834bdb8d3fcb13a90e&chksm=bddb12918aac9b87a707d8175e66fbe0db4b5991477b09b92d5f84affd0723ede52a5cf981e9#rd,2017-11-03 20:06:42
6,<em>第一财经</em>技术与创新大会首次移师深圳,http://mp.weixin.qq.com/s?__biz=MjM5MTM3NTMwNA==&mid=2660841526&idx=1&sn=ae7ffb9373153353d8f42d5f02ee225e&chksm=bddb12918aac9b87a6e68a32c188a504e9c4521b4dee959f4ca88664db173fa6cae831f9eb20#rd,2017-11-03 20:06:42
7,<em>第一财经</em>技术与创新大会首次移师深圳,http://mp.weixin.qq.com/s?__biz=MjM5MTM3NTMwNA==&mid=2660861922&idx=4&sn=ea67e36cc88b2b8cf0c7f6faf1be4e0d&chksm=bddbad458aac2453601b97f81136a9afcb1d5c1487301caae62883e89152792de8eae79c440d#rd,2017-11-03 18:55:59
8,<em>第一财经</em>首次发布中国最佳发明奖 （China Best Inventions）,http://mp.weixin.qq.com/s?__biz=MjM5MTM3NTMwNA==&mid=2660904403&idx=2&sn=3cd6d9c34a41f126d5a5755145f492f4&chksm=bdd807748aaf8e62b3dc1e6feb50a7d94be956b941d8dc23b6b94c81b926c1f6d6d0c039560e#rd,2017-11-03 17:10:59
9,<em>第一财经</em>技术与创新大会首次移师深圳,http://mp.weixin.qq.com/s?__biz=MjM5MTM3NTMwNA==&mid=2660904403&idx=1&sn=cc47aa23ca7a53b95a82747fc7172e40&chksm=bdd807748aaf8e62915c324dd44c8da31f797e6f458a8893b650ccdafc56afabf88d6433b83a#rd,2017-11-03 17:10:59
10,<em>第一财经</em>2017“回归媒体未来”：内容是最好的算法,http://mp.weixin.qq.com/s?__biz=MjM5MTM3NTMwNA==&mid=2660841523&idx=1&sn=e5e98edd7acbeb7b65b0e212e2d040ad&chksm=bddb12948aac9b8235bb6d01565849da0716199c904d7f996d1cb94ccdea8296027d4dc46708#rd,2017-11-02 20:00:00
11,新周期 再开放------2017<em>第一财经</em>金融价值榜网络票选接近尾声,http://mp.weixin.qq.com/s?__biz=MjM5MTM3NTMwNA==&mid=2660904405&idx=1&sn=41799f71e5bc8e2e275b5f19395f5f29&chksm=bdd807728aaf8e6490f8994598542baac2c6edeae8b93c650f658286cf0ceac6cef3383215cb#rd,2017-10-27 17:09:48
12,新周期 再开放 | 2017<em>第一财经</em>金融价值榜网络票选接近尾声,http://mp.weixin.qq.com/s?__biz=MjM5MTM3NTMwNA==&mid=2660861941&idx=5&sn=031059dc1c342a00437c3d417f7196ef&chksm=bddbad528aac2444a631596c4801b0282d97270d5a55b6d8040aab727e1a5a2e3b207d4fdc64#rd,2017-10-26 22:14:52
13,回顾 | <em>第一财经</em>CEO周健工：内容是最好的算法,http://mp.weixin.qq.com/s?__biz=MjM5MTM3NTMwNA==&mid=2660841499&idx=2&sn=c33eeb15d0baa0b4811366b9f9cf80ab&chksm=bddb12bc8aac9baad900eb6c8f516391cfc365d2477a9306200ba32a494270e7f79fcb57eab1#rd,2017-10-23 18:30:54
14,创意MAX！创新力MAX！<em>第一财经</em>获5项创意内容奖！,http://mp.weixin.qq.com/s?__biz=MjM5MTM3NTMwNA==&mid=2660841494&idx=1&sn=ee97d78951e4fcef7e2c101e3a20ee55&chksm=bddb12b18aac9ba7cc5cd81ee9ce5674a94b62587b8f573e5d8a415e4c5bcf11734d6b8d28f5#rd,2017-10-19 20:51:07
15,2017<em>第一财经</em>中国最佳发明评选启动,http://mp.weixin.qq.com/s?__biz=MjM5MTM3NTMwNA==&mid=2660904410&idx=3&sn=dc14841d2958385d521174e440ed52a4&chksm=bdd8077d8aaf8e6ba86caacdc49ec3a586df7b592402cb04d27924dca59e03b68365d8765f7c#rd,2017-10-13 17:01:07
16,2017<em>第一财经</em>•RFP中国理财精英评选颁奖典礼暨中国理财师大会举行,http://mp.weixin.qq.com/s?__biz=MjM5MTM3NTMwNA==&mid=2660904410&idx=1&sn=60283ddadad75f941856faa12e584c79&chksm=bdd8077d8aaf8e6b43b55533cea2fac9c04be7c3214836c992f9c9421b4191e98eadae61027c#rd,2017-10-13 17:01:07
17,简单生活节 | 不简单的<em>第一财经</em>,http://mp.weixin.qq.com/s?__biz=MjM5MTM3NTMwNA==&mid=2660841449&idx=2&sn=e6323d0c133b43d5a5ab54614bd5ecc2&chksm=bddb1d4e8aac945881c2a7e08d77c9ed8683ff59bdac25fd244784d6ceca8dfe4589330f8002#rd,2017-09-30 19:00:00
18,<em>第一财经</em>祝您国庆中秋快乐！,http://mp.weixin.qq.com/s?__biz=MjM5MTM3NTMwNA==&mid=2660841449&idx=1&sn=078bb1a852164608facfe73f26eed5a0&chksm=bddb1d4e8aac9458b4be236c105d9c79a9f23ffddc1c179c49dbc0df995c2a5f5460c6f95ce5#rd,2017-09-30 19:00:00
19,前线揭秘 | 纽交所敲钟，请选择<em>第一财经</em>大直播套餐！,http://mp.weixin.qq.com/s?__biz=MjM5MTM3NTMwNA==&mid=2660841442&idx=1&sn=d478121f9180973dd5112056da9d7f11&chksm=bddb1d458aac945308f926dddd07a102b8ef0c4f5d89224b15af6710248831d7ef5aa93cd147#rd,2017-09-28 20:00:00
20,<em>第一财经</em>专访远景能源CEO张雷：物联网重新定义能源,http://mp.weixin.qq.com/s?__biz=MjM5MTM3NTMwNA==&mid=2660879933&idx=2&sn=49c5b83769c3b8be9267019406af36dc&chksm=bddbe49a8aac6d8cfcb82cad2870aca309025aa64268f7ac5d9c3ec348f77c05a77f13fd11cf#rd,2017-09-27 18:41:06
21,瑞穗证券亚洲首席经济学家沈建光：我为什么坚持唱空美元？｜<em>第一财经</em>大直播,http://mp.weixin.qq.com/s?__biz=MjM5MTM3NTMwNA==&mid=2660879937&idx=2&sn=2445282d5bcab97544222b9e1744a2b8&chksm=bddbe4e68aac6df005a5ae27cd4ef4f1e76dd0dbf1a7ad7b6e44e1196293d1d540ed25041b69#rd,2017-09-23 18:47:53
22,究竟是谁点燃了AI热议的风潮？原来是<em>一</em>档<em>第一财经</em>的访谈栏目,http://mp.weixin.qq.com/s?__biz=MjM5MTM3NTMwNA==&mid=2660841406&idx=1&sn=2b85a4924589f6bc0ce655d5d977c3d5&chksm=bddb1d198aac940fc65b603567fc8edda236a7060983a30f5278d77eddbbe3c3ff5b72fd2d2f#rd,2017-09-20 20:00:00
23,十年了，说说苹果的“神”文案！| <em>第一财经</em>大直播,http://mp.weixin.qq.com/s?__biz=MjM5MTM3NTMwNA==&mid=2660879948&idx=3&sn=ae08034d8ffd52fb801e00a6ade37327&chksm=bddbe4eb8aac6dfda33674c74b1129e2736add40d4516d476b4cefb1883bad5561f298d4a0f5#rd,2017-09-12 19:42:34
24,iPhone十周年，十张图细数iPhone带给世界的巨变 | <em>第一财经</em>大直播,http://mp.weixin.qq.com/s?__biz=MjM5MTM3NTMwNA==&mid=2660879949&idx=5&sn=ca2ab939a531edc2b5ec37591a8c378d&chksm=bddbe4ea8aac6dfc92c570fcfc7ac9a8ed1c0f503a73d7e0ef6b20bcaf2d9e7b4f72eea16380#rd,2017-09-11 20:28:09
25,我与苹果这十年来不得不说的破事儿｜<em>第一财经</em>大直播,http://mp.weixin.qq.com/s?__biz=MjM5MTM3NTMwNA==&mid=2660879950&idx=2&sn=253c2a66f67ea718f48b0f7fa17543b9&chksm=bddbe4e98aac6dff0fb0c189d6b46ff2a7b49037e61bd8ac7fc5c5214254021e0c4954b40cdc#rd,2017-09-10 20:41:08
26,<em>第一财经</em>2017年度“上市房企股权投资价值榜”即将重磅推出,http://mp.weixin.qq.com/s?__biz=MjM5MTM3NTMwNA==&mid=2660862076&idx=5&sn=0b311145f85e818ea8e515788e76aae8&chksm=bddba2db8aac2bcdb5119518c791e78c2dad26dc4bb6b7bea00213cbf12c1589024e34d375ac#rd,2017-08-29 22:09:49
27,活动 | <em>第一财经</em>2017年度“上市房企股权投资价值榜”即将重磅推出,http://mp.weixin.qq.com/s?__biz=MjM5MTM3NTMwNA==&mid=2660841240&idx=5&sn=013a337ccd1c02a4bac8c60d9f8f35a7&chksm=bddb1dbf8aac94a993993b18a695f6f73d39775d7ac09cbd41047af3b05a9a983efc9030fcc5#rd,2017-08-29 20:00:00
28,揭秘 | 5分钟搞定！“2017<em>第一财经</em>.RFP中国理财精英评选”报名攻略,http://mp.weixin.qq.com/s?__biz=MjM5MTM3NTMwNA==&mid=2660841132&idx=5&sn=d2ea39b185b6d8dbb2227aa7ff05f58d&chksm=bddb1c0b8aac951d309dde557cbdc301c72fc0458562988265882eee4110b7411acc3851311f#rd,2017-08-03 20:00:00
29,报名 | “2017<em>第一财经</em>.RFP中国理财精英评选”：推荐人就位，等你来报名！,http://mp.weixin.qq.com/s?__biz=MjM5MTM3NTMwNA==&mid=2660841087&idx=4&sn=3d583fd8eef8f66bcb9cec1bcae78f29&chksm=bddb1cd88aac95ce92a8618dc240dd401c7707963fa013fc555caac658c2ae03d10b3090c7bf#rd,2017-07-20 20:41:05
30,《<em>第一财经</em>周刊》APP迎来<em>一</em>位新成员 ——3.1.0版本强势来袭,http://mp.weixin.qq.com/s?__biz=MjM5MTM3NTMwNA==&mid=2660862189&idx=5&sn=ae924e15d6f841a99170e9e1a16501e5&chksm=bddba24a8aac2b5c4f0081f447586fc337436270d53774badec7bbb80553ff615ba556bb6ae8#rd,2017-07-18 17:32:50
31,中宣部副部长蒋建国调研<em>第一财经</em> 要求努力与路透彭博等国际<em>财经</em>媒体相比肩,http://mp.weixin.qq.com/s?__biz=MjM5MTM3NTMwNA==&mid=2660841036&idx=1&sn=e92a1d32a5cc967dc8633528b0998a59&chksm=bddb1ceb8aac95fd5e194007ce25677a54971affef8b65ad91714f694cc21945969db4f1d797#rd,2017-07-08 18:56:36
32,报名 | 【精英理财师看过来！】“2017<em>第一财经</em>.RFP中国理财精英评选”报名启动啦！,http://mp.weixin.qq.com/s?__biz=MjM5MTM3NTMwNA==&mid=2660841028&idx=5&sn=2ae2a593c28c1e3a3de049b3e92e687e&chksm=bddb1ce38aac95f5d3fd248df2348b50cddc915e8e9ef230e8a6a21258782d5f69c77db44860#rd,2017-07-06 20:00:00
33,<em>第一财经</em>新三板夏季峰会6日开幕 坚守新三板寒冬｜推广,http://mp.weixin.qq.com/s?__biz=MjM5MTM3NTMwNA==&mid=2660880018&idx=3&sn=22dabf15cdf2fe9121d75143baee40c4&chksm=bddbe4358aac6d230f06b27a9144dee2a52ac646c7502af5891c82dcf82d39e37723ab0dde9f#rd,2017-07-04 20:25:06
34,推广 | <em>第一财经</em>新三板夏季峰会6日开幕 坚守新三板寒冬,http://mp.weixin.qq.com/s?__biz=MjM5MTM3NTMwNA==&mid=2660841022&idx=4&sn=9a3d7cf9af5fea8a2c2e72a96b531c5e&chksm=bddb1c998aac958f3d66d5e3cdd70e5a06c32594b13ad96e3aa31d76b836b04d5bff76698dd3#rd,2017-07-04 20:00:00
35,聚焦 | 2016<em>第一财经</em>中国企业社会责任榜正式启动,http://mp.weixin.qq.com/s?__biz=MjM5MTM3NTMwNA==&mid=2660904435&idx=4&sn=1fd2ebcc5e3913ae5a26651bc38460c6&chksm=bdd807548aaf8e4232ba30d29e1a09f0c9ae6070993432049d99f4f73f285f5f70dfb0038b96#rd,2017-07-04 17:26:34
36,<em>第一财经</em>新三板夏季峰会6日开幕 坚守新三板寒冬,http://mp.weixin.qq.com/s?__biz=MjM5MTM3NTMwNA==&mid=2660862223&idx=5&sn=04c15be04a270b558b90b08191893e59&chksm=bddba3a88aac2abef73443c03323f7ac204b16c22eafd79013623478361fec680951c731dd9c#rd,2017-07-04 16:45:49
37,报名 | 2017<em>第一财经</em>·中国企业社会责任榜正式启动,http://mp.weixin.qq.com/s?__biz=MjM5MTM3NTMwNA==&mid=2660841013&idx=5&sn=1800b1398f41e9c8c4d846236c199afa&chksm=bddb1c928aac95847dcefa86923a6b7bdd894587a42229a28252ec7c8ed673821c9047b10597#rd,2017-07-03 20:00:00
38,十年，新出发：2017<em>第一财经</em>·中国企业社会责任榜正式启动｜推广,http://mp.weixin.qq.com/s?__biz=MjM5MTM3NTMwNA==&mid=2660880019&idx=2&sn=0aed51e75e39d1b190aa3618b9e3abd4&chksm=bddbe4348aac6d22d51833629691c9cc64261be5c0e3aeb359afd232ddcd43bec662674481be#rd,2017-07-03 19:03:27
39,新十年，新出发丨2017<em>第一财经</em>·中国企业社会责任榜正式启动,http://mp.weixin.qq.com/s?__biz=MjM5MTM3NTMwNA==&mid=2660862226&idx=5&sn=777512bb8d1aab501fdca6e93d09cfea&chksm=bddba3b58aac2aa3c3c9176f4b77707fa10065b5e8249c5f142d5d06adeda6872bdd334ade46#rd,2017-07-03 17:48:29
40,推广 | 2017<em>第一财经</em>.RFP中国理财精英评选暨中国理财师大会正式启动,http://mp.weixin.qq.com/s?__biz=MjM5MTM3NTMwNA==&mid=2660840888&idx=5&sn=fd1ec4d53064be6a03a676923ca05343&chksm=bddb1f1f8aac96097c44a83dd4b7760bd0a1a20e118357fbd1d45231cc263068a00d7e49528a#rd,2017-06-01 19:48:48
41,2017<em>第一财经</em>.RFP中国理财精英评选正式启动,http://mp.weixin.qq.com/s?__biz=MjM5MTM3NTMwNA==&mid=2660904451&idx=2&sn=483d61f9c6eec634729e761539b7aab9&chksm=bdd804a48aaf8db2c7415d07f5660744b08a3054849d110a4a999cb3dc5c218f54a6971a589c#rd,2017-05-31 17:51:26
42,活动 | 端午福利拼脑力 猜猜<em>第一财经</em>招财粽的小心思,http://mp.weixin.qq.com/s?__biz=MjM5MTM3NTMwNA==&mid=2660840877&idx=4&sn=616796021ae2c071830f9d02fd752427&chksm=bddb1f0a8aac961cfafccccfc229ab86ab423e759a7960ee6a23d70fecbd56db40b57e351260#rd,2017-05-27 20:39:51
43,<em>第一财经</em>专访AlphaGo之父哈萨比斯：60个国家最顶尖人才解决最有趣的挑战,http://mp.weixin.qq.com/s?__biz=MjM5MTM3NTMwNA==&mid=2660840877&idx=1&sn=9dd151ef1fa546a81e1fd73c714cf1fe&chksm=bddb1f0a8aac961cf2f976e29b8f7de68c0b890b7c4caa8e0b4090000fb3d70434dccf207fce#rd,2017-05-27 20:39:51
44,VR助力游戏｜<em>第一财经</em>中国最佳国际创业者,http://mp.weixin.qq.com/s?__biz=MjM5MTM3NTMwNA==&mid=2660880059&idx=4&sn=79a77186bdf8bf4d90645f12b7fbb452&chksm=bddbe41c8aac6d0ad198f0020b273ee02eb28787c9542c6e5006874295adc7c1658694e4e7bb#rd,2017-05-24 18:25:06
45,让拘谨的校园生活充满活力｜<em>第一财经</em>中国最佳国际创业者,http://mp.weixin.qq.com/s?__biz=MjM5MTM3NTMwNA==&mid=2660880059&idx=3&sn=e4c7ccd7926147b4cfb01263c70106dd&chksm=bddbe41c8aac6d0ae81370e6eecc95eaa9214634e4e18d5c332c57f912ec2faccd816ee4c3ee#rd,2017-05-24 18:25:06
